slide_id,x,y,patch_size,clases
129741,8446,71104,256,Nucleos alto grado
129741,8446,71360,256,Nucleos alto grado
129741,8958,70848,256,Nucleos alto grado
129741,8958,71104,256,Nucleos alto grado
129741,8958,71872,256,Nucleos alto grado
129741,9214,71104,256,Nucleos alto grado
129741,9214,71360,256,Mitosis
129741,9214,71872,256,Nucleos alto grado
129741,9470,70336,256,Mitosis
129741,9470,71104,256,Nucleos alto grado
129741,9470,71360,256,Mitosis|Nucleos alto grado
129741,9726,70336,256,Mitosis
129741,9726,70592,256,Mitosis
129741,9726,71104,256,Nucleos alto grado
129741,9726,71360,256,Mitosis
129741,9726,71872,256,Nucleos alto grado
129741,9726,72128,256,Nucleos alto grado
129741,10238,71616,256,Nucleos alto grado
129741,10238,71872,256,Mitosis
129741,10238,72128,256,Mitosis
129741,11645,55104,256,Mitosis
129741,11645,55360,256,Mitosis
129741,11645,55872,256,Mitosis
129741,11645,57664,256,Mitosis
129741,11901,53824,256,Immune cells
129741,11901,54080,256,Immune cells
129741,11901,54336,256,Immune cells
129741,11901,55872,256,Mitosis
129741,11901,57664,256,Mitosis
129741,12157,53824,256,Immune cells
129741,12157,54080,256,Immune cells
129741,12157,54336,256,Immune cells
129741,12157,58176,256,Mitosis
129741,12157,59200,256,Mitosis
129741,12413,53312,256,Immune cells
129741,12413,53568,256,Immune cells
129741,12413,53824,256,Immune cells
129741,12413,54080,256,Immune cells
129741,12413,54336,256,Immune cells
129741,12413,58176,256,Mitosis
129741,12413,58432,256,Mitosis
129741,12413,58688,256,Mitosis
129741,12413,59456,256,Tumor
129741,12413,59712,256,Tumor
129741,12413,59968,256,Tumor
129741,12669,53312,256,Immune cells
129741,12669,53568,256,Immune cells
129741,12669,53824,256,Immune cells
129741,12669,54080,256,Immune cells
129741,12669,54336,256,Immune cells
129741,12669,55616,256,Mitosis
129741,12669,55872,256,Mitosis
129741,12669,59456,256,Tumor
129741,12669,59712,256,Tumor
129741,12669,59968,256,Tumor
129741,12669,60224,256,Tumor
129741,12669,60480,256,Tumor
129741,12669,60736,256,Tumor
129741,12669,60992,256,Tumor
129741,12925,53312,256,Immune cells
129741,12925,53568,256,Immune cells
129741,12925,53824,256,Immune cells
129741,12925,54080,256,Immune cells
129741,12925,56896,256,necrosis
129741,12925,57920,256,Stroma
129741,12925,58176,256,Stroma
129741,12925,58432,256,Stroma
129741,12925,58688,256,Stroma
129741,12925,59200,256,Mitosis
129741,12925,59456,256,Tumor
129741,12925,59712,256,Tumor
129741,12925,59968,256,Tumor
129741,12925,60224,256,Tumor
129741,12925,60480,256,Tumor
129741,12925,60736,256,Tumor
129741,12925,60992,256,Tumor
129741,13181,54080,256,Immune cells
129741,13181,55616,256,Mitosis
129741,13181,56896,256,necrosis
129741,13181,57920,256,Immune cells|Stroma
129741,13181,58176,256,Stroma
129741,13181,58432,256,Immune cells|Stroma
129741,13181,58688,256,Stroma
129741,13181,59456,256,Tumor
129741,13181,59712,256,Tumor
129741,13181,59968,256,Tumor
129741,13181,60224,256,Tumor
129741,13181,60480,256,Tumor
129741,13181,60736,256,Tumor
129741,13181,60992,256,Tumor
129741,13437,57920,256,Stroma
129741,13437,58176,256,Stroma
129741,13437,58432,256,Stroma
129741,13437,58688,256,Stroma
129741,13437,59968,256,Tumor
129741,13437,60224,256,Tumor
129741,13437,60480,256,Tumor
129741,13437,60736,256,Tumor
129741,13437,60992,256,Tumor
129741,13693,56896,256,Mitosis
129741,13693,57408,256,necrosis
129741,13693,59968,256,Mitosis|Tumor
129741,13693,60224,256,Tumor
129741,13693,60480,256,Tumor
129741,13693,60736,256,Tumor
129741,13693,60992,256,Tumor
129741,13949,56896,256,necrosis
129741,13949,57152,256,necrosis
129741,13949,57408,256,Mitosis
129741,13949,57664,256,necrosis
129741,13949,57920,256,Tumor|necrosis
129741,13949,58176,256,Tumor
129741,13949,58432,256,Tumor
129741,13949,58688,256,Tumor
129741,13949,59712,256,Tumor
129741,13949,59968,256,Tumor
129741,14205,57664,256,necrosis
129741,14205,57920,256,Tumor|necrosis
129741,14205,58176,256,Tumor
129741,14205,58432,256,Tumor
129741,14205,58688,256,Tumor
129741,14461,57920,256,Tumor
129741,14461,58176,256,Tumor
129741,14461,58432,256,Tumor
129741,14461,58688,256,Tumor
129741,14717,58688,256,Mitosis
129741,14973,58688,256,Mitosis
129741,14973,60480,256,Tejido Adiposo
129741,14973,60736,256,Tejido Adiposo
129741,14973,60992,256,Tejido Adiposo
129741,14973,61248,256,Tejido Adiposo
129741,14973,61504,256,Tejido Adiposo
129741,14973,61760,256,Tejido Adiposo
129741,14973,62016,256,Tejido Adiposo
129741,15229,60480,256,Tejido Adiposo
129741,15229,60736,256,Tejido Adiposo
129741,15229,60992,256,Tejido Adiposo
129741,15229,61248,256,Tejido Adiposo
129741,15229,61504,256,Tejido Adiposo
129741,15229,61760,256,Tejido Adiposo
129741,15229,62016,256,Tejido Adiposo
129741,15485,60480,256,Tejido Adiposo
129741,15485,60736,256,Tejido Adiposo
129741,15485,62016,256,Tejido Adiposo
129741,15741,62016,256,Tejido Adiposo
129741,15870,75712,256,necrosis
129741,15870,75968,256,necrosis
129741,15870,76224,256,necrosis
129741,15997,62016,256,Tejido Adiposo
129741,16126,75712,256,necrosis
129741,16126,75968,256,necrosis
129741,16126,76224,256,necrosis
129741,16253,62016,256,Tejido Adiposo
129741,16382,75712,256,necrosis
129741,16382,75968,256,necrosis
129741,16382,76224,256,necrosis
129741,19066,63040,256,Tejido Adiposo
129741,19322,63040,256,Tejido Adiposo
129741,19322,63296,256,Tejido Adiposo
129741,19578,63040,256,Tejido Adiposo
129741,19578,63296,256,Tejido Adiposo
129741,19834,63040,256,Tejido Adiposo
129741,19834,63296,256,Tejido Adiposo
