brazo,tipo,K,n_parches_mascara,objetos_a_mirar,unidad_objetos,area_mm2,pct_region,marcas_recuperadas,n_marcas,recall
CLAM,CLAM,20,20,20.0,parches,0.2834,0.8,1.0,26,0.0385
CLAM+HoVer-NeXt,CLAM+HoVer-NeXt,20,20,4.0,nucleos,0.0142,0.8,1.0,26,0.0385
Mammoth,Mammoth,20,20,20.0,parches,0.2834,0.8,2.0,26,0.0769
Mammoth+HoVer-NeXt,Mammoth+HoVer-NeXt,20,20,1.0,nucleos,0.0035,0.8,1.0,26,0.0385
CLAM∩Mammoth,CLAM∩Mammoth,20,3,3.0,parches,0.0425,0.12,0.0,26,0.0
CLAM∪Mammoth,CLAM∪Mammoth,20,37,37.0,parches,0.5243,1.48,3.0,26,0.1154
CLAM∩Mammoth+HoVer-NeXt,CLAM∩Mammoth+HoVer-NeXt,20,3,0.0,nucleos,0.0,0.12,0.0,26,0.0
CLAM∪Mammoth+HoVer-NeXt,CLAM∪Mammoth+HoVer-NeXt,20,37,5.0,nucleos,0.0177,1.48,2.0,26,0.0769
azar,azar,20,20,20.0,parches,0.2834,0.8,0.21,26,0.008
azar+HoVer-NeXt,azar+HoVer-NeXt,20,20,0.7,nucleos,0.0023,0.8,0.1,26,0.004
CLAM,CLAM,50,50,50.0,parches,0.7085,2.0,5.0,26,0.1923
CLAM+HoVer-NeXt,CLAM+HoVer-NeXt,50,50,10.0,nucleos,0.0354,2.0,2.0,26,0.0769
Mammoth,Mammoth,50,50,50.0,parches,0.7085,2.0,4.0,26,0.1538
Mammoth+HoVer-NeXt,Mammoth+HoVer-NeXt,50,50,9.0,nucleos,0.0319,2.0,3.0,26,0.1154
CLAM∩Mammoth,CLAM∩Mammoth,50,11,11.0,parches,0.1559,0.44,0.0,26,0.0
CLAM∪Mammoth,CLAM∪Mammoth,50,89,89.0,parches,1.2612,3.57,9.0,26,0.3462
CLAM∩Mammoth+HoVer-NeXt,CLAM∩Mammoth+HoVer-NeXt,50,11,3.0,nucleos,0.0106,0.44,0.0,26,0.0
CLAM∪Mammoth+HoVer-NeXt,CLAM∪Mammoth+HoVer-NeXt,50,89,16.0,nucleos,0.0567,3.57,5.0,26,0.1923
azar,azar,50,50,50.0,parches,0.7085,2.0,0.52,26,0.02
azar+HoVer-NeXt,azar+HoVer-NeXt,50,50,1.6,nucleos,0.0058,2.0,0.26,26,0.01
CLAM,CLAM,100,100,100.0,parches,1.4171,4.01,12.0,26,0.4615
CLAM+HoVer-NeXt,CLAM+HoVer-NeXt,100,100,19.0,nucleos,0.0673,4.01,8.0,26,0.3077
Mammoth,Mammoth,100,100,100.0,parches,1.4171,4.01,14.0,26,0.5385
Mammoth+HoVer-NeXt,Mammoth+HoVer-NeXt,100,100,22.0,nucleos,0.0779,4.01,8.0,26,0.3077
CLAM∩Mammoth,CLAM∩Mammoth,100,36,36.0,parches,0.5101,1.44,9.0,26,0.3462
CLAM∪Mammoth,CLAM∪Mammoth,100,164,164.0,parches,2.324,6.57,17.0,26,0.6538
CLAM∩Mammoth+HoVer-NeXt,CLAM∩Mammoth+HoVer-NeXt,100,36,11.0,nucleos,0.039,1.44,7.0,26,0.2692
CLAM∪Mammoth+HoVer-NeXt,CLAM∪Mammoth+HoVer-NeXt,100,164,30.0,nucleos,0.1063,6.57,9.0,26,0.3462
azar,azar,100,100,100.0,parches,1.4171,4.01,1.04,26,0.0401
azar+HoVer-NeXt,azar+HoVer-NeXt,100,100,3.3,nucleos,0.0116,4.01,0.52,26,0.02
CLAM,CLAM,189,189,189.0,parches,2.6782,7.57,15.0,26,0.5769
CLAM+HoVer-NeXt,CLAM+HoVer-NeXt,189,189,35.0,nucleos,0.124,7.57,10.0,26,0.3846
Mammoth,Mammoth,189,189,189.0,parches,2.6782,7.57,18.0,26,0.6923
Mammoth+HoVer-NeXt,Mammoth+HoVer-NeXt,189,189,33.0,nucleos,0.1169,7.57,11.0,26,0.4231
CLAM∩Mammoth,CLAM∩Mammoth,189,84,84.0,parches,1.1903,3.37,13.0,26,0.5
CLAM∪Mammoth,CLAM∪Mammoth,189,294,294.0,parches,4.1661,11.78,20.0,26,0.7692
CLAM∩Mammoth+HoVer-NeXt,CLAM∩Mammoth+HoVer-NeXt,189,84,20.0,nucleos,0.0709,3.37,10.0,26,0.3846
CLAM∪Mammoth+HoVer-NeXt,CLAM∪Mammoth+HoVer-NeXt,189,294,48.0,nucleos,0.17,11.78,11.0,26,0.4231
azar,azar,189,189,189.0,parches,2.6782,7.57,1.97,26,0.0757
azar+HoVer-NeXt,azar+HoVer-NeXt,189,189,6.2,nucleos,0.022,7.57,0.98,26,0.0379
CLAM,CLAM,300,300,300.0,parches,4.2512,12.02,19.0,26,0.7308
CLAM+HoVer-NeXt,CLAM+HoVer-NeXt,300,300,48.0,nucleos,0.17,12.02,11.0,26,0.4231
Mammoth,Mammoth,300,300,300.0,parches,4.2512,12.02,22.0,26,0.8462
Mammoth+HoVer-NeXt,Mammoth+HoVer-NeXt,300,300,46.0,nucleos,0.163,12.02,11.0,26,0.4231
CLAM∩Mammoth,CLAM∩Mammoth,300,150,150.0,parches,2.1256,6.01,17.0,26,0.6538
CLAM∪Mammoth,CLAM∪Mammoth,300,450,450.0,parches,6.3767,18.03,24.0,26,0.9231
CLAM∩Mammoth+HoVer-NeXt,CLAM∩Mammoth+HoVer-NeXt,300,150,33.0,nucleos,0.1169,6.01,10.0,26,0.3846
CLAM∪Mammoth+HoVer-NeXt,CLAM∪Mammoth+HoVer-NeXt,300,450,61.0,nucleos,0.2161,18.03,12.0,26,0.4615
azar,azar,300,300,300.0,parches,4.2512,12.02,3.12,26,0.1202
azar+HoVer-NeXt,azar+HoVer-NeXt,300,300,9.9,nucleos,0.0349,12.02,1.56,26,0.0601
CLAM,CLAM,500,500,500.0,parches,7.0853,20.03,23.0,26,0.8846
CLAM+HoVer-NeXt,CLAM+HoVer-NeXt,500,500,56.0,nucleos,0.1984,20.03,12.0,26,0.4615
Mammoth,Mammoth,500,500,500.0,parches,7.0853,20.03,23.0,26,0.8846
Mammoth+HoVer-NeXt,Mammoth+HoVer-NeXt,500,500,64.0,nucleos,0.2267,20.03,12.0,26,0.4615
CLAM∩Mammoth,CLAM∩Mammoth,500,286,286.0,parches,4.0528,11.46,20.0,26,0.7692
CLAM∪Mammoth,CLAM∪Mammoth,500,714,714.0,parches,10.1178,28.61,26.0,26,1.0
CLAM∩Mammoth+HoVer-NeXt,CLAM∩Mammoth+HoVer-NeXt,500,286,50.0,nucleos,0.1771,11.46,11.0,26,0.4231
CLAM∪Mammoth+HoVer-NeXt,CLAM∪Mammoth+HoVer-NeXt,500,714,70.0,nucleos,0.248,28.61,13.0,26,0.5
azar,azar,500,500,500.0,parches,7.0853,20.03,5.21,26,0.2003
azar+HoVer-NeXt,azar+HoVer-NeXt,500,500,16.4,nucleos,0.0582,20.03,2.6,26,0.1002
CLAM,CLAM,750,750,750.0,parches,10.6279,30.05,24.0,26,0.9231
CLAM+HoVer-NeXt,CLAM+HoVer-NeXt,750,750,61.0,nucleos,0.2161,30.05,12.0,26,0.4615
Mammoth,Mammoth,750,750,750.0,parches,10.6279,30.05,26.0,26,1.0
Mammoth+HoVer-NeXt,Mammoth+HoVer-NeXt,750,750,70.0,nucleos,0.248,30.05,13.0,26,0.5
CLAM∩Mammoth,CLAM∩Mammoth,750,478,478.0,parches,6.7735,19.15,24.0,26,0.9231
CLAM∪Mammoth,CLAM∪Mammoth,750,1022,1022.0,parches,14.4823,40.95,26.0,26,1.0
CLAM∩Mammoth+HoVer-NeXt,CLAM∩Mammoth+HoVer-NeXt,750,478,58.0,nucleos,0.2055,19.15,12.0,26,0.4615
CLAM∪Mammoth+HoVer-NeXt,CLAM∪Mammoth+HoVer-NeXt,750,1022,73.0,nucleos,0.2586,40.95,13.0,26,0.5
azar,azar,750,750,750.0,parches,10.6279,30.05,7.81,26,0.3005
azar+HoVer-NeXt,azar+HoVer-NeXt,750,750,24.6,nucleos,0.0873,30.05,3.91,26,0.1502
CLAM,CLAM,1000,1000,1000.0,parches,14.1705,40.06,25.0,26,0.9615
CLAM+HoVer-NeXt,CLAM+HoVer-NeXt,1000,1000,68.0,nucleos,0.2409,40.06,13.0,26,0.5
Mammoth,Mammoth,1000,1000,1000.0,parches,14.1705,40.06,26.0,26,1.0
Mammoth+HoVer-NeXt,Mammoth+HoVer-NeXt,1000,1000,74.0,nucleos,0.2622,40.06,13.0,26,0.5
CLAM∩Mammoth,CLAM∩Mammoth,1000,649,649.0,parches,9.1967,26.0,25.0,26,0.9615
CLAM∪Mammoth,CLAM∪Mammoth,1000,1351,1351.0,parches,19.1444,54.13,26.0,26,1.0
CLAM∩Mammoth+HoVer-NeXt,CLAM∩Mammoth+HoVer-NeXt,1000,649,67.0,nucleos,0.2374,26.0,13.0,26,0.5
CLAM∪Mammoth+HoVer-NeXt,CLAM∪Mammoth+HoVer-NeXt,1000,1351,75.0,nucleos,0.2657,54.13,13.0,26,0.5
azar,azar,1000,1000,1000.0,parches,14.1705,40.06,10.42,26,0.4006
azar+HoVer-NeXt,azar+HoVer-NeXt,1000,1000,32.9,nucleos,0.1164,40.06,5.21,26,0.2003
CLAM,CLAM,1392,1392,1392.0,parches,19.7254,55.77,26.0,26,1.0
CLAM+HoVer-NeXt,CLAM+HoVer-NeXt,1392,1392,73.0,nucleos,0.2586,55.77,13.0,26,0.5
Mammoth,Mammoth,1392,1392,1392.0,parches,19.7254,55.77,26.0,26,1.0
Mammoth+HoVer-NeXt,Mammoth+HoVer-NeXt,1392,1392,76.0,nucleos,0.2692,55.77,13.0,26,0.5
CLAM∩Mammoth,CLAM∩Mammoth,1392,915,915.0,parches,12.966,36.66,26.0,26,1.0
CLAM∪Mammoth,CLAM∪Mammoth,1392,1869,1869.0,parches,26.4847,74.88,26.0,26,1.0
CLAM∩Mammoth+HoVer-NeXt,CLAM∩Mammoth+HoVer-NeXt,1392,915,71.0,nucleos,0.2515,36.66,13.0,26,0.5
CLAM∪Mammoth+HoVer-NeXt,CLAM∪Mammoth+HoVer-NeXt,1392,1869,78.0,nucleos,0.2763,74.88,13.0,26,0.5
azar,azar,1392,1392,1392.0,parches,19.7254,55.77,14.5,26,0.5577
azar+HoVer-NeXt,azar+HoVer-NeXt,1392,1392,45.7,nucleos,0.162,55.77,7.25,26,0.2788
CLAM,CLAM,2000,2000,2000.0,parches,28.341,80.13,26.0,26,1.0
CLAM+HoVer-NeXt,CLAM+HoVer-NeXt,2000,2000,76.0,nucleos,0.2692,80.13,13.0,26,0.5
Mammoth,Mammoth,2000,2000,2000.0,parches,28.341,80.13,26.0,26,1.0
Mammoth+HoVer-NeXt,Mammoth+HoVer-NeXt,2000,2000,79.0,nucleos,0.2799,80.13,13.0,26,0.5
CLAM∩Mammoth,CLAM∩Mammoth,2000,1596,1596.0,parches,22.6162,63.94,26.0,26,1.0
CLAM∪Mammoth,CLAM∪Mammoth,2000,2404,2404.0,parches,34.0659,96.31,26.0,26,1.0
CLAM∩Mammoth+HoVer-NeXt,CLAM∩Mammoth+HoVer-NeXt,2000,1596,76.0,nucleos,0.2692,63.94,13.0,26,0.5
CLAM∪Mammoth+HoVer-NeXt,CLAM∪Mammoth+HoVer-NeXt,2000,2404,79.0,nucleos,0.2799,96.31,13.0,26,0.5
azar,azar,2000,2000,2000.0,parches,28.341,80.13,20.83,26,0.8013
azar+HoVer-NeXt,azar+HoVer-NeXt,2000,2000,65.7,nucleos,0.2328,80.13,10.42,26,0.4006
CLAM,CLAM,2496,2496,2496.0,parches,35.3696,100.0,26.0,26,1.0
CLAM+HoVer-NeXt,CLAM+HoVer-NeXt,2496,2496,79.0,nucleos,0.2799,100.0,13.0,26,0.5
Mammoth,Mammoth,2496,2496,2496.0,parches,35.3696,100.0,26.0,26,1.0
Mammoth+HoVer-NeXt,Mammoth+HoVer-NeXt,2496,2496,79.0,nucleos,0.2799,100.0,13.0,26,0.5
CLAM∩Mammoth,CLAM∩Mammoth,2496,2496,2496.0,parches,35.3696,100.0,26.0,26,1.0
CLAM∪Mammoth,CLAM∪Mammoth,2496,2496,2496.0,parches,35.3696,100.0,26.0,26,1.0
CLAM∩Mammoth+HoVer-NeXt,CLAM∩Mammoth+HoVer-NeXt,2496,2496,79.0,nucleos,0.2799,100.0,13.0,26,0.5
CLAM∪Mammoth+HoVer-NeXt,CLAM∪Mammoth+HoVer-NeXt,2496,2496,79.0,nucleos,0.2799,100.0,13.0,26,0.5
azar,azar,2496,2496,2496.0,parches,35.3696,100.0,26.0,26,1.0
azar+HoVer-NeXt,azar+HoVer-NeXt,2496,2496,82.0,nucleos,0.2905,100.0,13.0,26,0.5
HoVer-NeXt,HoVer-NeXt,-1,2496,82.0,nucleos,0.2905,100.0,13.0,26,0.5
