rank,expert,slot,mean_combine_weight,mean_routing_logit
0,17,0,2.764468e-02,9.440283e-01
1,15,5,2.630782e-02,-7.575320e-01
2,8,9,2.101819e-02,1.406185e+00
3,29,3,1.693618e-02,-2.425005e-01
4,27,4,1.517603e-02,5.114446e-01
5,26,9,1.507185e-02,4.084413e-01
6,6,7,1.502904e-02,9.639916e-02
7,14,6,1.393032e-02,2.213096e-01
8,15,7,1.370692e-02,-2.806213e-01
9,3,1,1.291519e-02,1.758147e+00
10,16,7,1.216731e-02,8.552596e-01
11,17,4,1.093617e-02,2.263173e-01
12,8,0,1.078182e-02,7.094572e-01
13,28,2,1.053863e-02,-5.531973e-01
14,15,9,1.034390e-02,3.300452e-01
15,23,5,1.031246e-02,1.174981e-01
16,28,7,1.014871e-02,9.395438e-01
17,13,9,9.719138e-03,-4.937595e-01
18,0,7,9.697336e-03,5.264632e-01
19,19,7,9.667899e-03,-2.029523e-01
20,5,9,8.659593e-03,-7.888641e-01
21,5,3,8.383039e-03,3.557330e-01
22,26,6,8.368310e-03,5.149275e-01
23,5,1,8.049835e-03,7.522039e-01
24,22,7,8.021048e-03,6.656532e-01
25,8,3,8.001055e-03,-4.565254e-02
26,8,1,7.936411e-03,4.231353e-01
27,14,5,7.696314e-03,1.480173e-01
28,20,4,7.648822e-03,8.578331e-01
29,9,0,7.451464e-03,5.134435e-01
30,9,8,7.209879e-03,9.043943e-01
31,4,9,7.195550e-03,2.467833e-02
32,6,5,7.181963e-03,2.435459e-01
33,5,5,7.120654e-03,1.944562e+00
34,10,2,7.041619e-03,-4.879520e-02
35,16,3,6.823620e-03,5.789670e-01
36,24,3,6.814759e-03,-5.622651e-01
37,1,5,6.761529e-03,3.831832e-01
38,1,3,6.688887e-03,3.483229e-01
39,5,8,6.450255e-03,1.134645e+00
40,4,1,6.339518e-03,-7.243226e-01
41,14,2,6.327048e-03,1.182364e-01
42,19,9,5.837522e-03,7.509366e-01
43,2,4,5.768822e-03,1.505103e-01
44,13,3,5.739921e-03,7.249500e-01
45,12,3,5.599607e-03,6.712103e-02
46,3,2,5.455506e-03,4.273038e-01
47,29,7,5.329219e-03,-3.512015e-01
48,21,1,5.306986e-03,6.734240e-01
49,1,7,5.297385e-03,-2.010944e-01
50,26,2,5.263848e-03,3.839539e-01
51,18,4,5.195877e-03,2.437769e-02
52,27,0,5.067299e-03,4.674315e-01
53,7,9,4.988664e-03,2.166476e-01
54,26,4,4.949537e-03,3.113411e-01
55,14,7,4.941002e-03,1.058796e+00
56,2,0,4.932675e-03,6.835567e-01
57,17,8,4.868119e-03,-1.680956e-01
58,17,5,4.786509e-03,-1.285549e-01
59,9,2,4.777122e-03,3.577061e-01
60,18,8,4.727933e-03,2.015119e-01
61,28,6,4.585112e-03,3.736995e-01
62,12,1,4.579622e-03,6.905309e-01
63,3,0,4.510852e-03,3.909921e-01
64,28,1,4.400809e-03,-8.352213e-02
65,26,1,4.345309e-03,-9.147200e-02
66,6,4,4.318897e-03,9.031618e-01
67,13,1,4.300087e-03,-5.484570e-02
68,2,7,4.251951e-03,9.170084e-01
69,14,4,4.238589e-03,4.123238e-01
70,27,7,4.229736e-03,-3.577581e-01
71,17,2,4.218468e-03,1.634929e-01
72,12,9,4.209098e-03,-8.669568e-01
73,21,7,4.195354e-03,5.955776e-01
74,27,6,4.157245e-03,-8.256824e-02
75,0,2,4.151019e-03,-2.027313e-01
76,25,2,4.109733e-03,1.111155e+00
77,4,2,4.063245e-03,5.312704e-01
78,15,0,3.984139e-03,-6.921750e-02
79,25,3,3.951419e-03,5.746465e-01
80,15,1,3.831324e-03,-2.579332e-01
81,21,8,3.823775e-03,-3.264910e-01
82,19,3,3.816573e-03,-1.920918e-01
83,25,6,3.811510e-03,-6.796933e-01
84,9,3,3.753420e-03,5.568271e-01
85,6,0,3.747666e-03,9.080439e-01
86,24,5,3.740175e-03,-1.031036e-01
87,21,4,3.739764e-03,8.130702e-01
88,7,3,3.731056e-03,-9.603492e-03
89,7,2,3.685887e-03,5.266502e-01
90,29,0,3.655675e-03,-1.235259e+00
91,18,9,3.564954e-03,-1.116029e-02
92,24,9,3.480564e-03,-9.916242e-01
93,13,7,3.458443e-03,-6.003953e-01
94,2,9,3.445048e-03,5.131289e-01
95,3,5,3.307294e-03,-2.769736e-02
96,16,9,3.306750e-03,6.282995e-01
97,23,2,3.300350e-03,7.438799e-01
98,24,7,3.296735e-03,-5.484444e-01
99,16,5,3.295762e-03,7.524009e-01
100,19,6,3.234993e-03,-9.890139e-01
101,9,4,3.107872e-03,-4.204556e-01
102,24,2,3.100051e-03,8.391753e-01
103,4,4,3.078288e-03,-1.321638e-01
104,8,6,3.069768e-03,-3.672557e-01
105,29,8,3.053976e-03,-6.678615e-01
106,0,4,3.050171e-03,-6.823781e-01
107,26,5,3.037360e-03,-5.809605e-01
108,16,6,3.023876e-03,-7.092497e-01
109,10,7,2.883100e-03,2.970950e-01
110,10,1,2.882636e-03,6.746653e-01
111,13,4,2.860560e-03,-3.893602e-01
112,14,9,2.833351e-03,-9.791313e-02
113,15,2,2.808547e-03,3.115210e-01
114,16,1,2.806830e-03,-1.669654e-01
115,29,5,2.765317e-03,-1.394589e-01
116,18,0,2.761749e-03,-2.793359e-01
117,23,8,2.742428e-03,4.454793e-01
118,3,3,2.727483e-03,6.335567e-01
119,9,5,2.693618e-03,-2.603680e-02
120,3,6,2.679623e-03,7.011268e-01
121,12,0,2.583921e-03,5.542471e-01
122,28,4,2.531752e-03,-1.098728e-01
123,19,0,2.517154e-03,-8.679324e-02
124,11,9,2.509964e-03,-2.964864e-01
125,19,4,2.500618e-03,-5.728889e-01
126,25,7,2.436631e-03,-2.559226e-01
127,16,2,2.432439e-03,1.135257e+00
128,5,6,2.413379e-03,-1.104087e+00
129,15,6,2.405344e-03,-9.196179e-02
130,8,5,2.379566e-03,9.748638e-01
131,11,7,2.363602e-03,-5.042595e-01
132,26,0,2.361407e-03,4.526020e-02
133,21,5,2.353442e-03,2.809591e-01
134,8,4,2.342873e-03,-1.017081e-01
135,26,8,2.315861e-03,5.278754e-01
136,13,2,2.301696e-03,5.872166e-01
137,8,2,2.292808e-03,6.267418e-01
138,2,1,2.278877e-03,7.187928e-02
139,14,1,2.256815e-03,-1.553122e-01
140,23,4,2.236863e-03,-5.823613e-01
141,25,5,2.199533e-03,5.233384e-01
142,28,8,2.197464e-03,-8.436649e-01
143,1,0,2.192280e-03,1.451055e-01
144,3,8,2.191930e-03,-1.415730e-01
145,29,4,2.187155e-03,1.207306e+00
146,3,4,2.174589e-03,-4.163820e-01
147,17,6,2.169431e-03,-3.096630e-01
148,24,8,2.149846e-03,-1.899882e-01
149,11,3,2.140339e-03,-9.319556e-04
150,13,0,2.133712e-03,-3.726673e-01
151,8,7,2.133159e-03,2.701819e-01
152,14,8,2.130208e-03,-7.960721e-01
153,2,2,2.106561e-03,5.290175e-01
154,17,7,2.094242e-03,-5.050374e-01
155,22,0,2.084310e-03,-1.276841e+00
156,29,9,2.078233e-03,3.148773e-01
157,10,6,2.067153e-03,-5.876991e-01
158,16,0,2.065491e-03,-4.559523e-02
159,20,1,2.036094e-03,-1.837180e-01
160,13,6,2.006459e-03,1.594202e-01
161,19,5,1.945449e-03,-1.082898e+00
162,0,0,1.937744e-03,-7.096530e-02
163,2,3,1.905882e-03,-7.809799e-01
164,28,9,1.899446e-03,-7.063074e-01
165,28,3,1.888008e-03,-3.298319e-01
166,18,2,1.883618e-03,7.633452e-02
167,5,7,1.848357e-03,-4.696200e-01
168,10,9,1.844754e-03,9.636704e-01
169,3,7,1.827844e-03,3.178754e-03
170,23,6,1.826539e-03,-3.724538e-01
171,12,7,1.824225e-03,3.367116e-01
172,10,3,1.800593e-03,2.250995e-01
173,12,6,1.793154e-03,1.049338e-01
174,21,0,1.792330e-03,3.356843e-01
175,29,6,1.778421e-03,-4.528349e-01
176,23,7,1.773492e-03,-4.220979e-01
177,16,4,1.761139e-03,-9.610488e-01
178,20,9,1.748695e-03,5.199156e-01
179,27,3,1.726078e-03,-1.369440e+00
180,7,6,1.678516e-03,-9.452108e-01
181,13,8,1.678183e-03,-6.534378e-01
182,10,5,1.662186e-03,-2.634195e-01
183,20,8,1.647937e-03,2.677055e-01
184,23,0,1.642506e-03,-8.526101e-01
185,21,6,1.635661e-03,-4.402207e-01
186,1,1,1.634837e-03,-7.161223e-01
187,6,6,1.631475e-03,1.844453e-01
188,9,7,1.597392e-03,-4.756130e-01
189,21,3,1.591971e-03,-1.055265e+00
190,12,5,1.588569e-03,-6.622192e-01
191,22,1,1.545826e-03,-2.713318e-01
192,12,8,1.541379e-03,1.618922e-01
193,18,7,1.508852e-03,3.205734e-01
194,7,4,1.506724e-03,-8.678775e-01
195,18,6,1.481918e-03,-8.348369e-01
196,28,0,1.468005e-03,-8.951291e-01
197,27,9,1.445326e-03,4.085965e-01
198,25,9,1.424136e-03,-1.141390e+00
199,24,4,1.421968e-03,1.155430e-01
200,19,1,1.408289e-03,5.628960e-01
201,21,2,1.393192e-03,-4.939949e-01
202,7,5,1.369996e-03,1.859409e-01
203,22,4,1.357050e-03,2.584139e-01
204,17,3,1.350373e-03,-1.593435e-01
205,11,4,1.333126e-03,-9.263191e-01
206,15,3,1.320956e-03,1.594468e-01
207,7,8,1.292643e-03,-6.871132e-01
208,2,6,1.281219e-03,-7.905156e-01
209,11,8,1.265393e-03,-2.066161e-01
210,10,8,1.264682e-03,-8.270636e-01
211,22,9,1.254989e-03,-1.362219e+00
212,20,0,1.252759e-03,-2.369293e-01
213,18,1,1.242037e-03,-3.204552e-04
214,5,4,1.216909e-03,5.764894e-01
215,0,3,1.211990e-03,-4.528955e-01
216,22,8,1.208946e-03,-6.194317e-01
217,22,3,1.204519e-03,7.887031e-01
218,6,3,1.197982e-03,-6.240422e-01
219,27,5,1.176233e-03,-7.759781e-01
220,5,0,1.152791e-03,3.213430e-02
221,11,5,1.146615e-03,-5.741432e-01
222,3,9,1.137406e-03,-3.575567e-01
223,29,1,1.131460e-03,-4.936620e-01
224,10,4,1.120429e-03,-7.875761e-01
225,28,5,1.095755e-03,-1.191557e+00
226,20,6,1.079235e-03,-3.507581e-01
227,20,2,1.061743e-03,-6.691611e-01
228,14,3,1.060082e-03,-1.828361e+00
229,4,3,1.057567e-03,-8.648759e-01
230,1,8,1.039272e-03,-7.074163e-02
231,24,1,1.037539e-03,-3.117609e-01
232,1,9,1.019505e-03,-9.147223e-01
233,6,9,1.012604e-03,1.220328e-01
234,27,2,1.008689e-03,-1.068485e+00
235,4,7,9.991281e-04,-7.437978e-01
236,23,9,9.949751e-04,-4.082760e-01
237,6,1,9.943212e-04,-5.297126e-01
238,29,2,9.794508e-04,-2.835396e-02
239,18,5,9.714458e-04,-4.174970e-01
240,26,3,9.668407e-04,-1.353062e-01
241,25,4,9.618120e-04,-6.120118e-01
242,15,4,9.349029e-04,-3.250750e-01
243,16,8,9.232510e-04,-3.572824e-01
244,11,2,9.209772e-04,-2.839908e-01
245,15,8,9.138741e-04,-2.536333e-01
246,8,8,9.059872e-04,-7.042968e-01
247,20,7,9.053097e-04,-9.120862e-01
248,24,6,8.991282e-04,6.790336e-01
249,7,0,8.864483e-04,-7.561548e-01
250,7,7,8.792544e-04,-1.098163e-01
251,23,1,8.279419e-04,-1.139426e+00
252,24,0,8.251779e-04,-8.675331e-01
253,13,5,8.239446e-04,4.299745e-02
254,4,5,8.228846e-04,-3.909566e-01
255,7,1,8.174652e-04,-6.487417e-01
256,26,7,8.066102e-04,-6.266675e-01
257,12,4,8.048872e-04,-6.874526e-01
258,1,2,7.822453e-04,-9.310555e-02
259,14,0,7.709473e-04,1.449452e-01
260,22,2,7.542429e-04,-4.935566e-01
261,17,9,7.513583e-04,-1.554069e+00
262,27,8,7.486611e-04,-2.441456e-01
263,10,0,7.436539e-04,-3.391116e-01
264,12,2,7.367005e-04,-5.637229e-01
265,20,5,7.365788e-04,-8.183786e-01
266,18,3,7.311589e-04,-7.210855e-01
267,11,0,7.203688e-04,-8.636185e-01
268,27,1,7.186073e-04,-5.029957e-01
269,20,3,7.054678e-04,-1.284081e+00
270,21,9,6.836542e-04,-6.968517e-01
271,2,8,6.795045e-04,-1.511043e+00
272,25,1,6.748847e-04,1.234235e-01
273,0,1,6.522518e-04,-5.256655e-01
274,9,1,6.511136e-04,-5.922727e-01
275,19,2,6.401498e-04,-1.173362e+00
276,9,6,6.256718e-04,-1.400704e+00
277,17,1,6.029455e-04,-4.708800e-01
278,22,5,5.972391e-04,-1.361244e-02
279,1,6,5.940263e-04,-9.685924e-01
280,0,5,5.668207e-04,-9.789795e-01
281,6,2,5.649103e-04,-1.472053e+00
282,11,6,5.641587e-04,-1.149402e+00
283,0,8,5.598106e-04,-5.065486e-01
284,0,6,5.278463e-04,-1.037696e+00
285,4,0,5.266600e-04,-2.183973e-01
286,25,8,5.258032e-04,-3.502329e-01
287,5,2,5.252506e-04,-7.366590e-01
288,19,8,5.203174e-04,-5.185994e-01
289,9,9,4.856647e-04,-8.604797e-01
290,1,4,4.806888e-04,-4.377876e-01
291,22,6,4.727048e-04,-6.534052e-01
292,0,9,3.774340e-04,-5.202615e-01
293,4,8,3.735400e-04,-9.806753e-01
294,11,1,3.673446e-04,-1.065930e+00
295,23,3,3.451332e-04,-6.359580e-01
296,6,8,3.401264e-04,-1.778941e+00
297,2,5,3.245379e-04,-1.988513e-01
298,25,0,2.033016e-04,-1.382191e+00
299,4,6,1.748653e-04,-2.328786e+00
