rank,experto,slot,id,peso_pct,vs_uniforme,masa_acum_pct,sobre_uniforme,en_top_90pct,pct_interp
1,15,7,e15·s7,3.0902,9.271,3.09,si,si,3.0902
2,25,0,e25·s0,2.8921,8.676,5.98,si,si,2.8921
3,28,4,e28·s4,2.4378,7.313,8.42,si,si,2.4378
4,11,8,e11·s8,1.7227,5.168,10.14,si,si,1.7227
5,29,0,e29·s0,1.5954,4.786,11.74,si,si,1.5954
6,15,8,e15·s8,1.5619,4.686,13.3,si,si,1.5619
7,0,7,e0·s7,1.5105,4.532,14.81,si,si,1.5105
8,24,2,e24·s2,1.4133,4.24,16.22,si,si,1.4133
9,17,3,e17·s3,1.2786,3.836,17.5,si,si,1.2786
10,29,3,e29·s3,1.2489,3.747,18.75,si,si,1.2489
11,12,7,e12·s7,1.2319,3.696,19.98,si,si,1.2319
12,12,5,e12·s5,1.1762,3.529,21.16,si,si,1.1762
13,5,7,e5·s7,1.1662,3.499,22.33,si,si,1.1662
14,5,2,e5·s2,1.1425,3.428,23.47,si,si,1.1425
15,2,9,e2·s9,1.081,3.243,24.55,si,si,1.081
16,21,0,e21·s0,1.0258,3.077,25.57,si,si,1.0258
17,15,5,e15·s5,0.9592,2.878,26.53,si,si,0.9592
18,9,2,e9·s2,0.9256,2.777,27.46,si,si,0.9256
19,28,1,e28·s1,0.9081,2.724,28.37,si,si,0.9081
20,9,3,e9·s3,0.905,2.715,29.27,si,si,0.905
21,26,1,e26·s1,0.8774,2.632,30.15,si,si,0.8774
22,7,0,e7·s0,0.8591,2.577,31.01,si,si,0.8591
23,28,2,e28·s2,0.8584,2.575,31.87,si,si,0.8584
24,26,7,e26·s7,0.8558,2.567,32.72,si,si,0.8558
25,4,4,e4·s4,0.84,2.52,33.56,si,si,0.84
26,6,9,e6·s9,0.8294,2.488,34.39,si,si,0.8294
27,14,9,e14·s9,0.8224,2.467,35.22,si,si,0.8224
28,12,6,e12·s6,0.8051,2.415,36.02,si,si,0.8051
29,8,9,e8·s9,0.7323,2.197,36.75,si,si,0.7323
30,3,1,e3·s1,0.7169,2.151,37.47,si,si,0.7169
31,2,0,e2·s0,0.7138,2.141,38.18,si,si,0.7138
32,26,2,e26·s2,0.7114,2.134,38.89,si,si,0.7114
33,2,1,e2·s1,0.7016,2.105,39.6,si,si,0.7016
34,2,5,e2·s5,0.7001,2.1,40.3,si,si,0.7001
35,28,3,e28·s3,0.6983,2.095,40.99,si,si,0.6983
36,22,5,e22·s5,0.6892,2.068,41.68,si,si,0.6892
37,18,1,e18·s1,0.6749,2.025,42.36,si,si,0.6749
38,0,6,e0·s6,0.6598,1.979,43.02,si,si,0.6598
39,15,1,e15·s1,0.6577,1.973,43.68,si,si,0.6577
40,0,2,e0·s2,0.6367,1.91,44.31,si,si,0.6367
41,10,3,e10·s3,0.6234,1.87,44.94,si,si,0.6234
42,27,3,e27·s3,0.6203,1.861,45.56,si,si,0.6203
43,18,9,e18·s9,0.6035,1.811,46.16,si,si,0.6035
44,6,4,e6·s4,0.6019,1.806,46.76,si,si,0.6019
45,6,2,e6·s2,0.6,1.8,47.36,si,si,0.6
46,22,9,e22·s9,0.5989,1.797,47.96,si,si,0.5989
47,11,9,e11·s9,0.5977,1.793,48.56,si,si,0.5977
48,10,0,e10·s0,0.5957,1.787,49.15,si,si,0.5957
49,9,9,e9·s9,0.5789,1.737,49.73,si,si,0.5789
50,21,6,e21·s6,0.5655,1.696,50.3,si,si,0.5655
51,15,0,e15·s0,0.5532,1.66,50.85,si,si,0.5532
52,13,8,e13·s8,0.5458,1.637,51.4,si,si,0.5458
53,22,3,e22·s3,0.5169,1.551,51.91,si,si,0.5169
54,26,9,e26·s9,0.5113,1.534,52.43,si,si,0.5113
55,16,5,e16·s5,0.5083,1.525,52.93,si,si,0.5083
56,21,8,e21·s8,0.5006,1.502,53.44,si,si,0.5006
57,0,8,e0·s8,0.4949,1.485,53.93,si,si,0.4949
58,9,0,e9·s0,0.4842,1.452,54.41,si,si,0.4842
59,17,0,e17·s0,0.4833,1.45,54.9,si,si,0.4833
60,1,8,e1·s8,0.4805,1.442,55.38,si,si,0.4805
61,26,6,e26·s6,0.4769,1.431,55.85,si,si,0.4769
62,27,6,e27·s6,0.4704,1.411,56.33,si,si,0.4704
63,0,9,e0·s9,0.4655,1.396,56.79,si,si,0.4655
64,12,3,e12·s3,0.4651,1.395,57.26,si,si,0.4651
65,6,0,e6·s0,0.4567,1.37,57.71,si,si,0.4567
66,1,0,e1·s0,0.4542,1.363,58.17,si,si,0.4542
67,27,8,e27·s8,0.4483,1.345,58.61,si,si,0.4483
68,5,3,e5·s3,0.4475,1.342,59.06,si,si,0.4475
69,13,4,e13·s4,0.4307,1.292,59.49,si,si,0.4307
70,20,5,e20·s5,0.4241,1.272,59.92,si,si,0.4241
71,0,3,e0·s3,0.4048,1.214,60.32,si,si,0.4048
72,15,3,e15·s3,0.3951,1.185,60.72,si,si,0.3951
73,11,5,e11·s5,0.3833,1.15,61.1,si,si,0.3833
74,18,8,e18·s8,0.3793,1.138,61.48,si,si,0.3793
75,21,2,e21·s2,0.3788,1.136,61.86,si,si,0.3788
76,23,1,e23·s1,0.3773,1.132,62.24,si,si,0.3773
77,14,1,e14·s1,0.3753,1.126,62.61,si,si,0.3753
78,9,5,e9·s5,0.375,1.125,62.99,si,si,0.375
79,3,6,e3·s6,0.3748,1.124,63.36,si,si,0.3748
80,26,0,e26·s0,0.3638,1.092,63.72,si,si,0.3638
81,18,5,e18·s5,0.3625,1.087,64.09,si,si,0.3625
82,10,6,e10·s6,0.3624,1.087,64.45,si,si,0.3624
83,14,3,e14·s3,0.3587,1.076,64.81,si,si,0.3587
84,12,9,e12·s9,0.351,1.053,65.16,si,si,0.351
85,7,5,e7·s5,0.351,1.053,65.51,si,si,0.351
86,28,6,e28·s6,0.3436,1.031,65.85,si,si,0.3436
87,21,1,e21·s1,0.3418,1.025,66.2,si,si,0.3418
88,23,4,e23·s4,0.3406,1.022,66.54,si,si,0.3406
89,23,3,e23·s3,0.3395,1.019,66.88,si,si,0.3395
90,22,6,e22·s6,0.336,1.008,67.21,si,si,0.336
91,4,1,e4·s1,0.3318,0.996,67.54,no (≈0),si,0.3318
92,23,9,e23·s9,0.3274,0.982,67.87,no (≈0),si,0.3274
93,24,1,e24·s1,0.3255,0.976,68.2,no (≈0),si,0.3255
94,23,0,e23·s0,0.3193,0.958,68.52,no (≈0),si,0.3193
95,27,9,e27·s9,0.3131,0.939,68.83,no (≈0),si,0.3131
96,6,6,e6·s6,0.3106,0.932,69.14,no (≈0),si,0.3106
97,5,4,e5·s4,0.308,0.924,69.45,no (≈0),si,0.308
98,1,1,e1·s1,0.3047,0.914,69.75,no (≈0),si,0.3047
99,2,7,e2·s7,0.3,0.9,70.05,no (≈0),si,0.3
100,22,0,e22·s0,0.2869,0.861,70.34,no (≈0),si,0.2869
101,9,1,e9·s1,0.2834,0.85,70.62,no (≈0),si,0.2834
102,2,3,e2·s3,0.281,0.843,70.9,no (≈0),si,0.281
103,3,7,e3·s7,0.28,0.84,71.18,no (≈0),si,0.28
104,17,5,e17·s5,0.2763,0.829,71.46,no (≈0),si,0.2763
105,19,0,e19·s0,0.2762,0.829,71.74,no (≈0),si,0.2762
106,26,4,e26·s4,0.2761,0.828,72.01,no (≈0),si,0.2761
107,14,7,e14·s7,0.2758,0.827,72.29,no (≈0),si,0.2758
108,10,4,e10·s4,0.2732,0.819,72.56,no (≈0),si,0.2732
109,1,7,e1·s7,0.2687,0.806,72.83,no (≈0),si,0.2687
110,13,2,e13·s2,0.2678,0.803,73.1,no (≈0),si,0.2678
111,27,1,e27·s1,0.2615,0.785,73.36,no (≈0),si,0.2615
112,7,9,e7·s9,0.259,0.777,73.62,no (≈0),si,0.259
113,20,7,e20·s7,0.2574,0.772,73.88,no (≈0),si,0.2574
114,6,5,e6·s5,0.2537,0.761,74.13,no (≈0),si,0.2537
115,23,8,e23·s8,0.2536,0.761,74.38,no (≈0),si,0.2536
116,24,5,e24·s5,0.2526,0.758,74.64,no (≈0),si,0.2526
117,7,3,e7·s3,0.25,0.75,74.89,no (≈0),si,0.25
118,3,3,e3·s3,0.2493,0.748,75.13,no (≈0),si,0.2493
119,5,8,e5·s8,0.2475,0.742,75.38,no (≈0),si,0.2475
120,1,2,e1·s2,0.2472,0.742,75.63,no (≈0),si,0.2472
121,20,9,e20·s9,0.2439,0.732,75.87,no (≈0),si,0.2439
122,18,4,e18·s4,0.2436,0.731,76.12,no (≈0),si,0.2436
123,3,0,e3·s0,0.2429,0.729,76.36,no (≈0),si,0.2429
124,25,8,e25·s8,0.2425,0.727,76.6,no (≈0),si,0.2425
125,17,2,e17·s2,0.239,0.717,76.84,no (≈0),si,0.239
126,1,4,e1·s4,0.2388,0.717,77.08,no (≈0),si,0.2388
127,7,4,e7·s4,0.2386,0.716,77.32,no (≈0),si,0.2386
128,13,5,e13·s5,0.2379,0.714,77.56,no (≈0),si,0.2379
129,28,7,e28·s7,0.2377,0.713,77.79,no (≈0),si,0.2377
130,28,5,e28·s5,0.2372,0.712,78.03,no (≈0),si,0.2372
131,8,6,e8·s6,0.2347,0.704,78.27,no (≈0),si,0.2347
132,16,2,e16·s2,0.233,0.699,78.5,no (≈0),si,0.233
133,8,7,e8·s7,0.2322,0.696,78.73,no (≈0),si,0.2322
134,11,2,e11·s2,0.2304,0.691,78.96,no (≈0),si,0.2304
135,5,9,e5·s9,0.2299,0.69,79.19,no (≈0),si,0.2299
136,18,0,e18·s0,0.2258,0.677,79.42,no (≈0),si,0.2258
137,21,5,e21·s5,0.2224,0.667,79.64,no (≈0),si,0.2224
138,11,0,e11·s0,0.2198,0.659,79.86,no (≈0),si,0.2198
139,25,7,e25·s7,0.2194,0.658,80.08,no (≈0),si,0.2194
140,21,9,e21·s9,0.2189,0.657,80.3,no (≈0),si,0.2189
141,20,6,e20·s6,0.2187,0.656,80.52,no (≈0),si,0.2187
142,9,4,e9·s4,0.2175,0.653,80.73,no (≈0),si,0.2175
143,28,0,e28·s0,0.2139,0.642,80.95,no (≈0),si,0.2139
144,25,6,e25·s6,0.2108,0.632,81.16,no (≈0),si,0.2108
145,19,2,e19·s2,0.2103,0.631,81.37,no (≈0),si,0.2103
146,4,3,e4·s3,0.2089,0.627,81.58,no (≈0),si,0.2089
147,14,8,e14·s8,0.2061,0.618,81.78,no (≈0),si,0.2061
148,17,4,e17·s4,0.2057,0.617,81.99,no (≈0),si,0.2057
149,4,0,e4·s0,0.2048,0.614,82.19,no (≈0),si,0.2048
150,5,1,e5·s1,0.2046,0.614,82.4,no (≈0),si,0.2046
151,5,0,e5·s0,0.2042,0.612,82.6,no (≈0),si,0.2042
152,25,3,e25·s3,0.2033,0.61,82.81,no (≈0),si,0.2033
153,13,7,e13·s7,0.1977,0.593,83.0,no (≈0),si,0.1977
154,16,7,e16·s7,0.1962,0.589,83.2,no (≈0),si,0.1962
155,10,7,e10·s7,0.1947,0.584,83.4,no (≈0),si,0.1947
156,8,3,e8·s3,0.1935,0.58,83.59,no (≈0),si,0.1935
157,8,5,e8·s5,0.1934,0.58,83.78,no (≈0),si,0.1934
158,10,9,e10·s9,0.1917,0.575,83.97,no (≈0),si,0.1917
159,26,5,e26·s5,0.1874,0.562,84.16,no (≈0),si,0.1874
160,2,8,e2·s8,0.1874,0.562,84.35,no (≈0),si,0.1874
161,20,1,e20·s1,0.1843,0.553,84.53,no (≈0),si,0.1843
162,3,4,e3·s4,0.1838,0.551,84.72,no (≈0),si,0.1838
163,1,5,e1·s5,0.1829,0.549,84.9,no (≈0),si,0.1829
164,5,5,e5·s5,0.1821,0.546,85.08,no (≈0),si,0.1821
165,20,2,e20·s2,0.182,0.546,85.26,no (≈0),si,0.182
166,13,0,e13·s0,0.1807,0.542,85.44,no (≈0),si,0.1807
167,27,4,e27·s4,0.1789,0.537,85.62,no (≈0),si,0.1789
168,19,4,e19·s4,0.1784,0.535,85.8,no (≈0),si,0.1784
169,4,8,e4·s8,0.1768,0.53,85.98,no (≈0),si,0.1768
170,4,9,e4·s9,0.1761,0.528,86.15,no (≈0),si,0.1761
171,19,5,e19·s5,0.1754,0.526,86.33,no (≈0),si,0.1754
172,18,2,e18·s2,0.1753,0.526,86.51,no (≈0),si,0.1753
173,12,1,e12·s1,0.1738,0.521,86.68,no (≈0),si,0.1738
174,19,3,e19·s3,0.1733,0.52,86.85,no (≈0),si,0.1733
175,9,8,e9·s8,0.1728,0.518,87.03,no (≈0),si,0.1728
176,23,2,e23·s2,0.1728,0.518,87.2,no (≈0),si,0.1728
177,2,6,e2·s6,0.1725,0.518,87.37,no (≈0),si,0.1725
178,7,6,e7·s6,0.1721,0.516,87.54,no (≈0),si,0.1721
179,22,8,e22·s8,0.1686,0.506,87.71,no (≈0),si,0.1686
180,26,3,e26·s3,0.1662,0.498,87.88,no (≈0),si,0.1662
181,8,0,e8·s0,0.1652,0.495,88.04,no (≈0),si,0.1652
182,14,5,e14·s5,0.165,0.495,88.21,no (≈0),si,0.165
183,10,8,e10·s8,0.1633,0.49,88.37,no (≈0),si,0.1633
184,21,7,e21·s7,0.1603,0.481,88.53,no (≈0),si,0.1603
185,25,4,e25·s4,0.1584,0.475,88.69,no (≈0),si,0.1584
186,29,6,e29·s6,0.158,0.474,88.85,no (≈0),si,0.158
187,11,3,e11·s3,0.1573,0.472,89.01,no (≈0),si,0.1573
188,25,9,e25·s9,0.1569,0.471,89.16,no (≈0),si,0.1569
189,2,2,e2·s2,0.1562,0.469,89.32,no (≈0),si,0.1562
190,8,1,e8·s1,0.1558,0.467,89.47,no (≈0),si,0.1558
191,22,7,e22·s7,0.1543,0.463,89.63,no (≈0),si,0.1543
192,12,2,e12·s2,0.1531,0.459,89.78,no (≈0),si,0.1531
193,19,8,e19·s8,0.1527,0.458,89.93,no (≈0),si,0.1527
194,9,6,e9·s6,0.1521,0.456,90.09,no (≈0),no,0.1521
195,17,6,e17·s6,0.152,0.456,90.24,no (≈0),no,0.152
196,0,5,e0·s5,0.152,0.456,90.39,no (≈0),no,0.152
197,26,8,e26·s8,0.1507,0.452,90.54,no (≈0),no,0.1507
198,11,7,e11·s7,0.1485,0.446,90.69,no (≈0),no,0.1485
199,16,6,e16·s6,0.1483,0.445,90.84,no (≈0),no,0.1483
200,13,6,e13·s6,0.1461,0.438,90.98,no (≈0),no,0.1461
201,27,5,e27·s5,0.1451,0.435,91.13,no (≈0),no,0.1451
202,7,1,e7·s1,0.1439,0.432,91.27,no (≈0),no,0.1439
203,0,1,e0·s1,0.1435,0.43,91.42,no (≈0),no,0.1435
204,23,5,e23·s5,0.1425,0.427,91.56,no (≈0),no,0.1425
205,24,3,e24·s3,0.1416,0.425,91.7,no (≈0),no,0.1416
206,29,2,e29·s2,0.141,0.423,91.84,no (≈0),no,0.141
207,12,4,e12·s4,0.1396,0.419,91.98,no (≈0),no,0.1396
208,7,2,e7·s2,0.1366,0.41,92.12,no (≈0),no,0.1366
209,3,9,e3·s9,0.1359,0.408,92.25,no (≈0),no,0.1359
210,4,2,e4·s2,0.1335,0.4,92.39,no (≈0),no,0.1335
211,15,2,e15·s2,0.1333,0.4,92.52,no (≈0),no,0.1333
212,15,9,e15·s9,0.1289,0.387,92.65,no (≈0),no,0.1289
213,24,7,e24·s7,0.1285,0.385,92.78,no (≈0),no,0.1285
214,3,5,e3·s5,0.1248,0.374,92.9,no (≈0),no,0.1248
215,19,6,e19·s6,0.1201,0.36,93.02,no (≈0),no,0.1201
216,7,7,e7·s7,0.1175,0.353,93.14,no (≈0),no,0.1175
217,10,1,e10·s1,0.1175,0.352,93.26,no (≈0),no,0.1175
218,0,0,e0·s0,0.1174,0.352,93.38,no (≈0),no,0.1174
219,6,1,e6·s1,0.1171,0.351,93.49,no (≈0),no,0.1171
220,16,9,e16·s9,0.1157,0.347,93.61,no (≈0),no,0.1157
221,11,4,e11·s4,0.1139,0.342,93.72,no (≈0),no,0.1139
222,16,4,e16·s4,0.1127,0.338,93.83,no (≈0),no,0.1127
223,25,1,e25·s1,0.1121,0.336,93.95,no (≈0),no,0.1121
224,21,4,e21·s4,0.1108,0.332,94.06,no (≈0),no,0.1108
225,18,6,e18·s6,0.1104,0.331,94.17,no (≈0),no,0.1104
226,4,7,e4·s7,0.1101,0.33,94.28,no (≈0),no,0.1101
227,6,3,e6·s3,0.1099,0.33,94.39,no (≈0),no,0.1099
228,24,6,e24·s6,0.1097,0.329,94.5,no (≈0),no,0.1097
229,8,2,e8·s2,0.1094,0.328,94.61,no (≈0),no,0.1094
230,11,6,e11·s6,0.1082,0.325,94.72,no (≈0),no,0.1082
231,3,8,e3·s8,0.108,0.324,94.82,no (≈0),no,0.108
232,10,2,e10·s2,0.1075,0.322,94.93,no (≈0),no,0.1075
233,16,0,e16·s0,0.1041,0.312,95.03,no (≈0),no,0.1041
234,1,3,e1·s3,0.104,0.312,95.14,no (≈0),no,0.104
235,18,3,e18·s3,0.104,0.312,95.24,no (≈0),no,0.104
236,14,2,e14·s2,0.1039,0.312,95.35,no (≈0),no,0.1039
237,29,4,e29·s4,0.1035,0.31,95.45,no (≈0),no,0.1035
238,25,2,e25·s2,0.1034,0.31,95.55,no (≈0),no,0.1034
239,5,6,e5·s6,0.1019,0.306,95.66,no (≈0),no,0.1019
240,20,3,e20·s3,0.1016,0.305,95.76,no (≈0),no,0.1016
241,2,4,e2·s4,0.1004,0.301,95.86,no (≈0),no,0.1004
242,13,1,e13·s1,0.1003,0.301,95.96,no (≈0),no,0.1003
243,12,8,e12·s8,0.099,0.297,96.06,no (≈0),no,0.099
244,17,7,e17·s7,0.0986,0.296,96.16,no (≈0),no,0.0986
245,20,4,e20·s4,0.0983,0.295,96.25,no (≈0),no,0.0983
246,17,1,e17·s1,0.0979,0.294,96.35,no (≈0),no,0.0979
247,29,9,e29·s9,0.097,0.291,96.45,no (≈0),no,0.097
248,4,6,e4·s6,0.0969,0.291,96.55,no (≈0),no,0.0969
249,22,1,e22·s1,0.0916,0.275,96.64,no (≈0),no,0.0916
250,12,0,e12·s0,0.0902,0.271,96.73,no (≈0),no,0.0902
251,14,6,e14·s6,0.0901,0.27,96.82,no (≈0),no,0.0901
252,21,3,e21·s3,0.0886,0.266,96.91,no (≈0),no,0.0886
253,10,5,e10·s5,0.0884,0.265,96.99,no (≈0),no,0.0884
254,19,9,e19·s9,0.0877,0.263,97.08,no (≈0),no,0.0877
255,14,4,e14·s4,0.0876,0.263,97.17,no (≈0),no,0.0876
256,1,9,e1·s9,0.0875,0.262,97.26,no (≈0),no,0.0875
257,27,7,e27·s7,0.087,0.261,97.34,no (≈0),no,0.087
258,17,8,e17·s8,0.0855,0.257,97.43,no (≈0),no,0.0855
259,23,7,e23·s7,0.0855,0.256,97.52,no (≈0),no,0.0855
260,28,8,e28·s8,0.0853,0.256,97.6,no (≈0),no,0.0853
261,22,2,e22·s2,0.084,0.252,97.68,no (≈0),no,0.084
262,6,8,e6·s8,0.0834,0.25,97.77,no (≈0),no,0.0834
263,4,5,e4·s5,0.0816,0.245,97.85,no (≈0),no,0.0816
264,11,1,e11·s1,0.0809,0.243,97.93,no (≈0),no,0.0809
265,15,4,e15·s4,0.0808,0.242,98.01,no (≈0),no,0.0808
266,9,7,e9·s7,0.0807,0.242,98.09,no (≈0),no,0.0807
267,0,4,e0·s4,0.0802,0.24,98.17,no (≈0),no,0.0802
268,15,6,e15·s6,0.0797,0.239,98.25,no (≈0),no,0.0797
269,22,4,e22·s4,0.0796,0.239,98.33,no (≈0),no,0.0796
270,18,7,e18·s7,0.0795,0.238,98.41,no (≈0),no,0.0795
271,16,1,e16·s1,0.0719,0.216,98.48,no (≈0),no,0.0719
272,24,0,e24·s0,0.0715,0.215,98.55,no (≈0),no,0.0715
273,1,6,e1·s6,0.071,0.213,98.63,no (≈0),no,0.071
274,20,8,e20·s8,0.0681,0.204,98.69,no (≈0),no,0.0681
275,28,9,e28·s9,0.0679,0.204,98.76,no (≈0),no,0.0679
276,7,8,e7·s8,0.0674,0.202,98.83,no (≈0),no,0.0674
277,16,3,e16·s3,0.0657,0.197,98.89,no (≈0),no,0.0657
278,13,3,e13·s3,0.0652,0.196,98.96,no (≈0),no,0.0652
279,8,8,e8·s8,0.0632,0.189,99.02,no (≈0),no,0.0632
280,6,7,e6·s7,0.0608,0.182,99.08,no (≈0),no,0.0608
281,29,1,e29·s1,0.0586,0.176,99.14,no (≈0),no,0.0586
282,27,2,e27·s2,0.0574,0.172,99.2,no (≈0),no,0.0574
283,16,8,e16·s8,0.0571,0.171,99.26,no (≈0),no,0.0571
284,29,8,e29·s8,0.0567,0.17,99.31,no (≈0),no,0.0567
285,13,9,e13·s9,0.0551,0.165,99.37,no (≈0),no,0.0551
286,24,4,e24·s4,0.053,0.159,99.42,no (≈0),no,0.053
287,17,9,e17·s9,0.0519,0.156,99.47,no (≈0),no,0.0519
288,29,5,e29·s5,0.0499,0.15,99.52,no (≈0),no,0.0499
289,3,2,e3·s2,0.0495,0.149,99.57,no (≈0),no,0.0495
290,27,0,e27·s0,0.0492,0.147,99.62,no (≈0),no,0.0492
291,23,6,e23·s6,0.0438,0.131,99.67,no (≈0),no,0.0438
292,29,7,e29·s7,0.0433,0.13,99.71,no (≈0),no,0.0433
293,20,0,e20·s0,0.0417,0.125,99.75,no (≈0),no,0.0417
294,19,7,e19·s7,0.041,0.123,99.79,no (≈0),no,0.041
295,19,1,e19·s1,0.0398,0.119,99.83,no (≈0),no,0.0398
296,24,8,e24·s8,0.0385,0.116,99.87,no (≈0),no,0.0385
297,25,5,e25·s5,0.0337,0.101,99.9,no (≈0),no,0.0337
298,14,0,e14·s0,0.0337,0.101,99.94,no (≈0),no,0.0337
299,24,9,e24·s9,0.0322,0.097,99.97,no (≈0),no,0.0322
300,8,4,e8·s4,0.0305,0.092,100.0,no (≈0),no,0.0305
