slide,clase,grupo,f_epi,n_epi,n_conn,area_um2,celdas,alineada
129741,Tumor,epitelio,,0,0,221.41440000000003,16,True
129741,Tejido Adiposo,estroma,0.0,0,21,273668.19840000005,19776,True
129741,Tumor,epitelio,0.9705882352941176,66,2,10198.900800000001,737,True
129741,Tumor,epitelio,0.9836065573770492,300,5,62106.73920000001,4488,True
129741,Tejido Adiposo,estroma,0.0,0,51,193931.33760000003,14014,True
129741,Tumor,epitelio,0.9649122807017544,55,2,10586.376000000002,765,True
129741,Stroma,estroma,0.0,0,95,53983.59840000001,3901,True
129741,Tumor,epitelio,0.9366812227074236,429,29,90309.3984,6526,True
103762,Tumor,epitelio,0.9375,15,1,1273.1328,92,True
103762,AreaSolida,epitelio,0.9513513513513514,176,9,12579.1056,909,True
103762,Tumor,epitelio,0.9032258064516129,56,6,4940.308800000001,357,True
103762,AreaTubular,epitelio,0.0975609756097561,4,37,8953.444800000001,647,True
103762,AreaSolida,epitelio,0.9139784946236559,85,8,8247.6864,596,True
103762,Tumor,epitelio,0.6547619047619048,55,29,12938.904000000002,935,True
103762,Tumor,epitelio,0.9767441860465116,42,1,3196.6704000000004,231,True
103762,AreaSolida,epitelio,0.9299610894941635,239,18,23234.673600000002,1679,True
103762,AreaSolida,epitelio,0.9417989417989417,178,11,16218.604800000003,1172,True
103762,AreaSolida,epitelio,0.9758064516129032,121,3,9797.587200000002,708,True
103762,AreaSolida,epitelio,0.9744058500914077,533,14,41639.7456,3009,True
103762,AreaSolida,epitelio,0.9935064935064936,153,1,12246.984000000002,885,True
103762,Tumor,epitelio,0.0,0,17,3058.2864000000004,221,True
103762,AreaSolida,epitelio,0.9761904761904762,41,1,2767.6800000000003,200,True
103762,Tumor,epitelio,0.9459459459459459,35,2,4193.0352,303,True
103762,Tumor,epitelio,0.0,0,2,456.66720000000004,33,True
103762,AreaSolida,epitelio,0.93048128342246,174,13,16993.555200000003,1228,True
103762,Tumor,epitelio,0.9565217391304348,22,1,2255.6592000000005,163,True
103762,AreaTubular,epitelio,0.6428571428571429,9,5,2809.1952000000006,203,True
103762,AreaTubular,epitelio,0.024390243902439025,1,40,11693.448000000002,845,True
103762,AreaTubular,epitelio,0.8205128205128205,32,7,4137.681600000001,299,True
103762,AreaTubular,epitelio,0.7272727272727273,8,3,1300.8096000000003,94,True
103762,Tumor,epitelio,0.8358778625954199,219,43,22819.521600000004,1649,True
103762,Tumor,epitelio,0.0,0,7,802.6272000000001,58,True
106552,AreaTubular,epitelio,0.26666666666666666,8,22,8386.0704,606,True
106552,AreaTubular,epitelio,0.4166666666666667,5,7,1757.4768000000001,127,True
106552,Tumor,epitelio,0.1896551724137931,44,188,46856.822400000005,3386,True
106552,AreaTubular,epitelio,0.0,0,21,4151.52,300,True
106552,AreaSolida,epitelio,0.9714285714285714,34,1,5078.692800000001,367,True
106552,AreaSolida,epitelio,0.08,2,23,3265.8624000000004,236,True
106552,AreaSolida,epitelio,0.581081081081081,43,31,11568.9024,836,True
106552,AreaTubular,epitelio,0.0,0,95,23511.441600000002,1699,True
106552,Tumor,epitelio,0.0,0,34,9714.556800000002,702,True
106552,AreaSolida,epitelio,0.0,0,7,1619.0928000000001,117,True
106552,Stroma,estroma,0.0,0,11,8828.899200000002,638,True
106552,AreaTubular,epitelio,0.5795454545454546,51,37,18086.788800000002,1307,True
106552,AreaSolida,epitelio,0.36,9,16,6282.633600000001,454,True
106552,Stroma,estroma,,0,0,55.35360000000001,4,True
106552,AreaSolida,epitelio,0.8076923076923077,63,15,16882.848,1220,True
106552,AreaTubular,epitelio,0.0,0,46,8538.292800000001,617,True
106552,Tumor,epitelio,0.24,18,57,9866.7792,713,True
106552,Tumor,epitelio,0.0,0,56,13437.086400000002,971,True
106552,Tumor,epitelio,0.6071428571428571,17,11,6642.432000000001,480,True
106552,Tumor,epitelio,0.8,12,3,1480.7088,107,True
106552,Tumor,epitelio,0.06153846153846154,8,122,20356.2864,1471,True
106552,AreaTubular,epitelio,0.3333333333333333,8,16,6476.3712000000005,468,True
106552,AreaSolida,epitelio,0.0,0,8,3736.3680000000004,270,True
106552,AreaTubular,epitelio,0.8103448275862069,47,11,7984.756800000001,577,True
106552,Tumor,epitelio,0.7222222222222222,13,5,2421.7200000000003,175,True
106552,AreaTubular,epitelio,0.5555555555555556,20,16,6670.108800000001,482,True
106552,AreaSolida,epitelio,0.2289156626506024,19,64,26652.758400000002,1926,True
109609,Tumor,epitelio,0.75,15,5,4345.257600000001,314,True
109609,Tumor,epitelio,0.36363636363636365,4,7,2172.6288000000004,157,True
109609,Tumor,epitelio,,0,0,27.676800000000004,2,True
109609,Tumor,epitelio,0.1111111111111111,1,8,1868.1840000000002,135,True
109609,Tumor,epitelio,0.0,0,7,1632.9312000000002,118,True
109609,Tumor,epitelio,0.0,0,2,498.1824000000001,36,True
109609,Tumor,epitelio,0.0,0,2,262.92960000000005,19,True
109609,Tumor,epitelio,0.0,0,3,774.9504000000001,56,True
109609,Tumor,epitelio,0.0,0,2,235.25280000000004,17,True
109609,Tumor,epitelio,0.0,0,13,2587.7808000000005,187,True
109609,Tumor,epitelio,0.0,0,1,276.76800000000003,20,True
109609,Tumor,epitelio,0.35714285714285715,5,9,2809.1952000000006,203,True
110616,AreaTubular,epitelio,0.9523809523809523,20,1,4386.772800000001,317,True
110616,CDIS_papilar,epitelio,0.05387205387205387,16,281,93699.80640000002,6771,True
110616,CDIS_papilar,epitelio,0.544921875,279,233,98321.83200000001,7105,True
110616,CDIS_papilar,epitelio,0.34615384615384615,90,170,68389.37280000001,4942,True
110616,Tumor,epitelio,0.9873417721518988,156,2,9673.0416,699,True
110616,Tumor,epitelio,0.0,0,51,15305.270400000001,1106,True
110616,CDIS_papilar,epitelio,1.0,48,0,14101.329600000001,1019,True
110616,AreaTubular,epitelio,1.0,7,0,6725.462400000001,486,True
110616,CDIS_papilar,epitelio,0.13785557986870897,63,394,172218.88800000004,12445,True
110616,CDIS_papilar,epitelio,0.10285714285714286,36,314,162490.4928,11742,True
110616,AreaTubular,epitelio,0.9565217391304348,22,1,7860.211200000001,568,True
124729,Tumor,epitelio,0.9369369369369369,208,14,33295.19040000001,2406,True
124729,CDIS_solido,epitelio,0.7025316455696202,444,188,112907.50560000002,8159,True
124729,CDIS_solido,epitelio,0.9319672131147541,1137,83,154062.90720000002,11133,True
124729,AreaSolida,epitelio,0.2542372881355932,15,44,10752.436800000001,777,True
124729,AreaSolida,epitelio,0.855072463768116,59,10,6531.724800000001,472,True
124729,CDIS_solido,epitelio,0.7495527728085868,419,140,90503.13600000001,6540,True
124729,AreaSolida,epitelio,0.548936170212766,129,106,47839.34880000001,3457,True
124729,AreaTubular,epitelio,0.9746835443037974,77,2,14281.228800000003,1032,True
124729,CDIS_solido,epitelio,0.7939914163090128,185,48,40214.390400000004,2906,True
124729,Tumor,epitelio,0.9051094890510949,124,13,19954.972800000003,1442,True
124729,AreaSolida,epitelio,0.9310344827586207,54,4,8413.747200000002,608,True
124729,AreaTubular,epitelio,0.8297872340425532,39,8,5853.6432,423,True
124729,AreaSolida,epitelio,0.9464285714285714,53,3,9119.5056,659,True
124729,AreaTubular,epitelio,0.9333333333333333,14,1,3072.1248000000005,222,True
124729,AreaSolida,epitelio,0.875,7,1,1107.0720000000001,80,True
124729,Tumor,epitelio,0.4980891719745223,391,394,115467.60960000001,8344,True
124729,CDIS_solido,epitelio,0.8952380952380953,188,22,32409.532800000004,2342,True
124729,AreaSolida,epitelio,0.9464285714285714,53,3,11139.912000000002,805,True
124729,Tumor,epitelio,0.8593272171253823,281,46,46247.93280000001,3342,True
124806,CDIS_solido,epitelio,1.0,111,0,12260.822400000001,886,True
124806,Tumor,epitelio,0.8892128279883382,305,38,61345.62720000001,4433,True
124806,Tumor,epitelio,0.7910731244064577,833,220,159805.84320000003,11548,True
124806,Tumor,epitelio,0.9251700680272109,136,11,24784.574400000005,1791,True
124806,Tumor,epitelio,0.8936170212765957,210,25,28562.457600000005,2064,True
124806,CDIS_solido,epitelio,0.9751491053677932,981,25,122635.90080000002,8862,True
124806,Tumor,epitelio,0.9587628865979382,93,4,15305.270400000001,1106,True
124806,Tumor,epitelio,0.5572916666666666,214,170,56571.37920000001,4088,True
124806,Tumor,epitelio,0.7133757961783439,336,135,69122.808,4995,True
124806,Tumor,epitelio,0.825,132,28,24687.705600000005,1784,True
124806,Tumor,epitelio,0.9382716049382716,76,5,10876.9824,786,True
124806,Tumor,epitelio,0.903316866619619,1280,137,184521.22560000003,13334,True
124806,Tumor,epitelio,0.9047619047619048,38,4,5978.188800000001,432,True
126504,CDIS_solido,epitelio,0.9617834394904459,151,6,23331.542400000002,1686,True
126504,AreaSolida,epitelio,0.7311178247734139,242,89,72582.40800000001,5245,True
126504,AreaTubular,epitelio,0.8563829787234043,161,27,40767.926400000004,2946,True
126504,Tumor,epitelio,0.8833333333333333,106,14,39563.98560000001,2859,True
126504,AreaTubular,epitelio,0.8108108108108109,240,56,56073.196800000005,4052,True
126504,Stroma,estroma,0.0,0,17,5410.814400000001,391,True
126504,AreaSolida,epitelio,0.8928571428571429,150,18,36588.729600000006,2644,True
126504,AreaSolida,epitelio,0.9433962264150944,200,12,27801.345600000004,2009,True
126504,AreaTubular,epitelio,0.7543859649122807,43,14,12828.196800000002,927,True
126504,Tumor,epitelio,0.963855421686747,80,3,21933.864,1585,True
126504,AreaTubular,epitelio,0.8709677419354839,54,8,10876.9824,786,True
126504,Tumor,epitelio,0.7923076923076923,103,27,32866.200000000004,2375,True
126504,AreaTubular,epitelio,0.8390804597701149,73,14,15651.230400000002,1131,True
126504,AreaSolida,epitelio,0.8513513513513513,63,11,19885.780800000004,1437,True
128194,Stroma,estroma,0.0,0,27,176771.72160000002,12774,True
128194,Tumor,epitelio,0.7755102040816326,38,11,11375.164800000002,822,True
128194,Tumor,epitelio,0.9555555555555556,43,2,6254.956800000001,452,True
128194,AreaSolida,epitelio,0.8992805755395683,125,14,17533.252800000002,1267,True
128194,Tumor,epitelio,0.9090909090909091,10,1,1674.4464000000003,121,True
128194,AreaSolida,epitelio,0.8307692307692308,54,11,7334.352000000001,530,True
128194,Tumor,epitelio,0.875968992248062,113,16,11070.720000000001,800,True
128194,Tumor,epitelio,0.9236111111111112,133,11,14557.996800000003,1052,True
128194,Tumor,epitelio,1.0,52,0,7278.998400000001,526,True
128194,AreaSolida,epitelio,0.7518248175182481,103,34,20494.670400000003,1481,True
128194,AreaSolida,epitelio,0.9397590361445783,78,5,12565.267200000002,908,True
128194,AreaSolida,epitelio,0.9761904761904762,41,1,6642.432000000001,480,True
128194,Tumor,epitelio,0.9264705882352942,63,5,13381.732800000002,967,True
128194,Tumor,epitelio,0.4898989898989899,97,101,30181.550400000004,2181,True
128194,Tumor,epitelio,0.8133971291866029,170,39,27372.3552,1978,True
128194,AreaSolida,epitelio,1.0,36,0,3445.7616000000003,249,True
128194,Tumor,epitelio,0.8974358974358975,35,4,6974.553600000001,504,True
128194,Tumor,epitelio,0.9017857142857143,202,22,30638.217600000004,2214,True
128194,Tumor,epitelio,0.9285714285714286,78,6,13409.4096,969,True
144317,Stroma,estroma,0.0,0,10,36630.24480000001,2647,True
144317,AreaSolida,epitelio,0.0,0,3,1273.1328,92,True
144317,Tejido Adiposo,estroma,0.0,0,4,22196.793600000005,1604,True
144317,Tumor,epitelio,0.7058823529411765,12,5,2975.2560000000003,215,True
144317,Tumor,epitelio,1.0,3,0,650.4048000000001,47,True
144317,AreaSolida,epitelio,1.0,3,0,484.34400000000005,35,True
144317,Tumor,epitelio,0.5901639344262295,36,25,13893.753600000002,1004,True
144317,AreaSolida,epitelio,0.8571428571428571,6,1,1065.5568,77,True
144317,Tumor,epitelio,0.4,2,3,1065.5568,77,True
144317,Tumor,epitelio,1.0,10,0,1798.9920000000002,130,True
144317,Tumor,epitelio,0.75,6,2,1024.0416000000002,74,True
144317,Tumor,epitelio,0.723404255319149,34,13,9064.152000000002,655,True
144317,AreaSolida,epitelio,0.5714285714285714,12,9,3847.0752000000007,278,True
144317,AreaSolida,epitelio,0.8181818181818182,9,2,3431.9232000000006,248,True
144317,AreaSolida,epitelio,1.0,10,0,2767.6800000000003,200,True
144317,AreaSolida,epitelio,0.0,0,6,1508.3856000000003,109,True
144317,Tumor,epitelio,0.8148148148148148,22,5,4954.1472,358,True
144317,Tumor,epitelio,0.9411764705882353,16,1,2283.3360000000002,165,True
144317,AreaSolida,epitelio,0.5,16,16,5604.552000000001,405,True
144317,AreaSolida,epitelio,0.6551724137931034,19,10,7099.099200000001,513,True
144317,Tumor,epitelio,1.0,6,0,1134.7488,82,True
144317,AreaSolida,epitelio,0.42857142857142855,9,12,3667.1760000000004,265,True
144317,AreaSolida,epitelio,0.3333333333333333,2,4,1411.5168,102,True
164001,Stroma,estroma,0.0,0,1,3819.3984000000005,276,False
164001,Stroma,estroma,0.0,0,15,8953.444800000001,647,False
164001,Stroma,estroma,0.0,0,4,3777.8832000000007,273,False
164001,Tejido Adiposo,estroma,0.0,0,22,183746.27520000003,13278,False
164001,Stroma,estroma,,0,0,2158.7904000000003,156,False
164001,Tumor,epitelio,1.0,23,0,2795.3568000000005,202,False
164001,Tejido Adiposo,estroma,0.038461538461538464,1,25,221732.68320000003,16023,False
164001,DCIS,epitelio,0.9042553191489362,170,18,19761.235200000003,1428,False
164001,Tejido Adiposo,estroma,0.041884816753926704,8,183,1358806.3344000003,98191,False
164001,Tejido Adiposo,estroma,0.14285714285714285,7,42,491955.12000000005,35550,False
164001,DCIS,epitelio,0.8350515463917526,324,64,56183.90400000001,4060,False
164001,Tumor,epitelio,0.375,3,5,1549.9008000000001,112,False
164001,Tumor,epitelio,0.36363636363636365,4,7,1646.7696000000003,119,False
164001,Tumor,epitelio,0.8888888888888888,24,3,3597.9840000000004,260,False
164001,DCIS,epitelio,0.9128787878787878,241,23,35398.6272,2558,False
164001,Tumor,epitelio,0.9259259259259259,25,2,3473.4384000000005,251,False
164001,Tumor,epitelio,0.76,19,6,2809.1952000000006,203,False
164001,Tumor,epitelio,0.0,0,8,2089.5984000000003,151,False
164001,Tumor,epitelio,0.8285714285714286,29,6,4220.712,305,False
B25-158899,Tejido Adiposo,estroma,0.0,0,7,53167.13280000001,3842,False
B25-158899,Stroma,estroma,0.0,0,1,53831.376000000004,3890,False
B25-158899,Tumor,epitelio,0.0,0,9,1591.4160000000002,115,False
B25-158899,Tumor,epitelio,,0,0,1093.2336000000003,79,False
B25-158899,Tumor,epitelio,0.0,0,2,3985.4592000000007,288,False
B25-158899,DCIS,epitelio,,0,0,52751.980800000005,3812,False
B25-158899,Stroma,estroma,,0,0,11222.942400000002,811,False
B25-158899,DCIS,epitelio,0.0,0,28,58065.92640000001,4196,False
B25-158899,Tumor,epitelio,0.0,0,4,2449.3968000000004,177,False
B25-158899,Tumor,epitelio,0.0,0,7,2504.7504000000004,181,False
B25-158899,Tumor,epitelio,,0,0,5922.8352,428,False
B25-158899,Tumor,epitelio,0.0,0,7,2753.8416,199,False
B25-158899,Tumor,epitelio,,0,0,3210.5088000000005,232,False
B25-158899,Tumor,epitelio,,0,0,1660.6080000000002,120,False
B25-158899,Tumor,epitelio,0.45714285714285713,16,19,11873.347200000002,858,False
B25-158899,Tejido Adiposo,estroma,0.0,0,48,21587.904000000002,1560,False
B25-158899,Tumor,epitelio,0.0,0,9,6393.340800000001,462,False
B25-158899,Tumor,epitelio,,0,0,3293.5392000000006,238,False
B25-158899,Tumor,epitelio,1.0,8,0,3833.2368000000006,277,False
B25-158899,DCIS,epitelio,0.3333333333333333,6,12,28188.820800000005,2037,False
