ckpt,rol,split_129741,n_clases,cabeza,es_cabeza_verdadera,es_cabeza_predicha,pred,grupo,n_parches,grupo_de_interes,auc_ranking,percentil_mediano,percentil_medio,p_permutacion,p_traslacion,n_traslaciones,auc_nula_media
seba_privado_s0,primario,val,4,no_identificado,False,False,score_2,Nucleos alto grado,13,True,0.7980809412067248,89.62067528136724,79.73354282232981,,,,
seba_privado_s0,primario,val,4,no_identificado,False,False,score_2,Mitosis,28,True,0.9163323052968829,92.6948728636932,91.39894598940035,,,,
seba_privado_s0,primario,val,4,no_identificado,False,False,score_2,Immune cells,23,False,0.38619729080183524,36.39016256773656,38.67191039744821,,,,
seba_privado_s0,primario,val,4,no_identificado,False,False,score_2,Tumor,48,False,0.8747807479127201,93.78907878282618,87.1109490065305,,,,
seba_privado_s0,primario,val,4,no_identificado,False,False,score_2,necrosis,18,False,0.886146552325176,87.66152563568153,88.47783798805057,,,,
seba_privado_s0,primario,val,4,no_identificado,False,False,score_2,Stroma,12,False,0.5676136759278602,42.194664443518135,56.745866333194385,,,,
seba_privado_s0,primario,val,4,no_identificado,False,False,score_2,Tejido Adiposo,27,False,0.16538604824438857,17.611504793664025,16.71992960029642,,,,
seba_privado_s0,primario,val,4,score_1,False,False,score_2,Nucleos alto grado,13,True,0.8189752161753834,88.51604835348061,81.81774457305929,,,,
seba_privado_s0,primario,val,4,score_1,False,False,score_2,Mitosis,28,True,0.9132182531365093,93.1117132138391,91.08929315786341,,,,
seba_privado_s0,primario,val,4,score_1,False,False,score_2,Immune cells,23,False,0.4229662806787561,40.05835764902042,42.33194990666401,,,,
seba_privado_s0,primario,val,4,score_1,False,False,score_2,Tumor,48,False,0.8503955307654529,88.9328887036265,84.69631443657079,,,,
seba_privado_s0,primario,val,4,score_1,False,False,score_2,necrosis,18,False,0.8618606056380581,88.17215506461025,86.05784817748136,,,,
seba_privado_s0,primario,val,4,score_1,False,False,score_2,Stroma,12,False,0.5437121370378107,45.716965402250935,54.36119216340142,,,,
seba_privado_s0,primario,val,4,score_1,False,False,score_2,Tejido Adiposo,27,False,0.1168234454068486,12.546894539391413,11.889985024624458,,,,
seba_privado_s0,primario,val,4,score_2,False,True,score_2,Nucleos alto grado,13,True,0.8134944871259121,87.74489370571071,81.27104242152178,0.0004997501249375312,0.07446276861569215,2000.0,0.5419150642414821
seba_privado_s0,primario,val,4,score_2,False,True,score_2,Mitosis,28,True,0.9232191514207863,93.83076281784076,92.08375513606859,0.0004997501249375312,0.002127659574468085,469.0,0.7327068446970494
seba_privado_s0,primario,val,4,score_2,False,True,score_2,Immune cells,23,False,0.4176043259777147,40.10004168403501,41.79821302354242,,,,
seba_privado_s0,primario,val,4,score_2,False,True,score_2,Tumor,48,False,0.8692775205219954,92.18424343476448,86.56601709045435,0.0004997501249375312,0.06935483870967742,619.0,0.7338718740951755
seba_privado_s0,primario,val,4,score_2,False,True,score_2,necrosis,18,False,0.8971391387203979,91.86119216340143,89.57320179704506,,,,
seba_privado_s0,primario,val,4,score_2,False,True,score_2,Stroma,12,False,0.5793990669173456,47.80116715298041,57.92170348756426,,,,
seba_privado_s0,primario,val,4,score_2,False,True,score_2,Tejido Adiposo,27,False,0.11736673807084537,13.630679449770739,11.944019884828556,,,,
seba_privado_s0,primario,val,4,score_3,True,False,score_2,Nucleos alto grado,13,True,0.8355138384390369,88.70362651104627,83.46747042036746,0.0004997501249375312,0.05997001499250375,2000.0,0.6117202001175421
seba_privado_s0,primario,val,4,score_3,True,False,score_2,Mitosis,28,True,0.8403149983531455,86.72363484785328,83.83999285416544,0.0004997501249375312,0.00228310502283105,437.0,0.7108632219317931
seba_privado_s0,primario,val,4,score_3,True,False,score_2,Immune cells,23,False,0.3271156507173549,31.700708628595248,32.79083676169419,,,,
seba_privado_s0,primario,val,4,score_3,True,False,score_2,Tumor,48,False,0.8203338770785098,84.33722384326802,81.71959670696124,0.0004997501249375312,0.001718213058419244,581.0,0.68259656035994
seba_privado_s0,primario,val,4,score_3,True,False,score_2,necrosis,18,False,0.6914755165121197,66.86119216340141,69.07970913806678,,,,
seba_privado_s0,primario,val,4,score_3,True,False,score_2,Stroma,12,False,0.6072696887403384,56.419341392246764,60.70237598999582,,,,
seba_privado_s0,primario,val,4,score_3,True,False,score_2,Tejido Adiposo,27,False,0.1773928161187172,15.047936640266778,17.914100010806973,,,,
seba_combined_s0,primario,val,4,no_identificado,False,False,score_3,Nucleos alto grado,13,True,0.8188144909833167,82.57607336390163,81.80171225189984,,,,
seba_combined_s0,primario,val,4,no_identificado,False,False,score_3,Mitosis,28,True,0.7559885618468725,73.85368903709879,75.45480259631988,,,,
seba_combined_s0,primario,val,4,no_identificado,False,False,score_3,Immune cells,23,False,0.3411077124754206,27.448937057107127,34.183627235986016,,,,
seba_combined_s0,primario,val,4,no_identificado,False,False,score_3,Tumor,48,False,0.7716993790780888,76.53709879116299,76.90378803668195,,,,
seba_combined_s0,primario,val,4,no_identificado,False,False,score_3,necrosis,18,False,0.6210927514002185,62.578157565652354,62.06637024686212,,,,
seba_combined_s0,primario,val,4,no_identificado,False,False,score_3,Stroma,12,False,0.49651834830443564,52.699041267194666,49.652633041545094,,,,
seba_combined_s0,primario,val,4,no_identificado,False,False,score_3,Tejido Adiposo,27,False,0.4994101393933749,51.792413505627344,49.941333580349834,,,,
seba_combined_s0,primario,val,4,score_1,False,False,score_3,Nucleos alto grado,13,True,0.7368446430293484,79.1162984576907,73.62522846057652,,,,
seba_combined_s0,primario,val,4,score_1,False,False,score_3,Mitosis,28,True,0.8508024672874809,88.73488953730721,84.88283808729828,,,,
seba_combined_s0,primario,val,4,score_1,False,False,score_3,Immune cells,23,False,0.32607785303328235,32.74280950395998,32.68753284883194,,,,
seba_combined_s0,primario,val,4,score_1,False,False,score_3,Tumor,48,False,0.7420586893987231,76.72988745310545,73.96875434208698,,,,
seba_combined_s0,primario,val,4,score_1,False,False,score_3,necrosis,18,False,0.894757024332427,96.68611921634013,89.3358343754342,,,,
seba_combined_s0,primario,val,4,score_1,False,False,score_3,Stroma,12,False,0.369333611865469,31.21092121717382,36.96331804918716,,,,
seba_combined_s0,primario,val,4,score_1,False,False,score_3,Tejido Adiposo,27,False,0.15178044767315513,16.131721550646102,15.366742315470951,,,,
seba_combined_s0,primario,val,4,score_2,False,False,score_3,Nucleos alto grado,13,True,0.6915522839049792,72.94706127553147,69.1073203578414,,,,
seba_combined_s0,primario,val,4,score_2,False,False,score_3,Mitosis,28,True,0.7664161451627391,79.0954564401834,76.49169296730781,,,,
seba_combined_s0,primario,val,4,score_2,False,False,score_3,Immune cells,23,False,0.35191355327361445,33.70154230929554,35.259256574297254,,,,
seba_combined_s0,primario,val,4,score_2,False,False,score_3,Tumor,48,False,0.6844217006945906,68.77865777407253,68.26151521467278,,,,
seba_combined_s0,primario,val,4,score_2,False,False,score_3,necrosis,18,False,0.8845662227799856,95.84201750729471,88.32036496688437,,,,
seba_combined_s0,primario,val,4,score_2,False,False,score_3,Stroma,12,False,0.3616217533597939,30.85660691954981,36.19390023620953,,,,
seba_combined_s0,primario,val,4,score_2,False,False,score_3,Tejido Adiposo,27,False,0.09469591133463724,9.253855773238849,9.689222361169005,,,,
seba_combined_s0,primario,val,4,score_3,True,True,score_3,Nucleos alto grado,13,True,0.7660644829470571,82.72196748645268,76.53990444736588,0.0004997501249375312,0.10344827586206896,2000.0,0.4899818219399273
seba_combined_s0,primario,val,4,score_3,True,True,score_3,Mitosis,28,True,0.8779830523699733,90.86077532305127,87.58560114333353,0.0004997501249375312,0.0022222222222222222,449.0,0.6697586645612092
seba_combined_s0,primario,val,4,score_3,True,True,score_3,Immune cells,23,False,0.30694232029713786,27.136306794497706,30.78275368360005,,,,
seba_combined_s0,primario,val,4,score_3,True,True,score_3,Tumor,48,False,0.7821423559952291,79.87703209670696,77.93785605113241,0.0004997501249375312,0.04195804195804196,571.0,0.6450473980464837
seba_combined_s0,primario,val,4,score_3,True,True,score_3,necrosis,18,False,0.8998814752841107,97.03001250521051,89.84646380436294,,,,
seba_combined_s0,primario,val,4,score_3,True,True,score_3,Stroma,12,False,0.40371492235916717,35.22300958732805,40.393566763929414,,,,
seba_combined_s0,primario,val,4,score_3,True,True,score_3,Tejido Adiposo,27,False,0.1292493247648319,12.588578574406002,13.125839470149602,,,,
seba_5fold_f0,primario,val,4,no_identificado,False,False,score_2,Nucleos alto grado,13,True,0.8385033270114758,84.55606502709462,83.76567159393336,,,,
seba_5fold_f0,primario,val,4,no_identificado,False,False,score_2,Mitosis,28,True,0.8803934485133396,90.38140892038349,87.82528434466742,,,,
seba_5fold_f0,primario,val,4,no_identificado,False,False,score_2,Immune cells,23,False,0.3905851722380016,37.95331388078366,39.108686590427176,,,,
seba_5fold_f0,primario,val,4,no_identificado,False,False,score_2,Tumor,48,False,0.8357714165438855,84.73322217590663,83.24822842851188,,,,
seba_5fold_f0,primario,val,4,no_identificado,False,False,score_2,necrosis,18,False,0.6726045225313161,68.5077115464777,67.19929600296419,,,,
seba_5fold_f0,primario,val,4,no_identificado,False,False,score_2,Stroma,12,False,0.607113014414038,64.8082534389329,60.68674447686536,,,,
seba_5fold_f0,primario,val,4,no_identificado,False,False,score_2,Tejido Adiposo,27,False,0.2796172115115954,27.90746144226761,28.081144921495067,,,,
seba_5fold_f0,primario,val,4,score_1,False,False,score_2,Nucleos alto grado,13,True,0.8765630524928477,90.89203834931222,87.56212524449292,,,,
seba_5fold_f0,primario,val,4,score_1,False,False,score_2,Mitosis,28,True,0.866267928257029,86.7965819091288,86.42068123622938,,,,
seba_5fold_f0,primario,val,4,score_1,False,False,score_2,Immune cells,23,False,0.42710836792658946,35.72321800750313,42.744259383438745,,,,
seba_5fold_f0,primario,val,4,score_1,False,False,score_2,Tumor,48,False,0.795301866273767,80.05418924551897,79.2409163540364,,,,
seba_5fold_f0,primario,val,4,score_1,False,False,score_2,necrosis,18,False,0.6378605126774965,63.70362651104627,63.73720531703025,,,,
seba_5fold_f0,primario,val,4,score_1,False,False,score_2,Stroma,12,False,0.7064967620639231,69.26844518549396,70.60233430596081,,,,
seba_5fold_f0,primario,val,4,score_1,False,False,score_2,Tejido Adiposo,27,False,0.19191425289497377,19.362234264276783,19.35837463140506,,,,
seba_5fold_f0,primario,val,4,score_2,False,True,score_2,Nucleos alto grado,13,True,0.8639782699540326,88.12005002084202,86.30679449770739,0.0004997501249375312,0.04697651174412794,2000.0,0.5764239408598758
seba_5fold_f0,primario,val,4,score_2,False,True,score_2,Mitosis,28,True,0.910426086175405,93.50771154647771,90.81164771035552,0.0004997501249375312,0.002288329519450801,436.0,0.7292172555421941
seba_5fold_f0,primario,val,4,score_2,False,True,score_2,Immune cells,23,False,0.4576414682106183,48.97874114214256,45.78356924080686,,,,
seba_5fold_f0,primario,val,4,score_2,False,True,score_2,Tumor,48,False,0.8197265487967446,84.0662776156732,81.65945880227872,0.0004997501249375312,0.03220338983050847,589.0,0.6952066817859279
seba_5fold_f0,primario,val,4,score_2,False,True,score_2,necrosis,18,False,0.6780891956587418,70.33138807836599,67.74582001759991,,,,
seba_5fold_f0,primario,val,4,score_2,False,True,score_2,Stroma,12,False,0.6041013856973748,66.72571904960401,60.38627205780187,,,,
seba_5fold_f0,primario,val,4,score_2,False,True,score_2,Tejido Adiposo,27,False,0.2417264288597063,25.03126302626094,24.312599385546445,,,,
seba_5fold_f0,primario,val,4,score_3,True,False,score_2,Nucleos alto grado,13,True,0.8127069336847857,84.55606502709462,81.19248404784042,0.0004997501249375312,0.13943028485757122,2000.0,0.5923646436706823
seba_5fold_f0,primario,val,4,score_3,True,False,score_2,Mitosis,28,True,0.9256969188849298,95.89412255106294,92.33013755731555,0.0004997501249375312,0.0021321961620469083,468.0,0.7492135477683912
seba_5fold_f0,primario,val,4,score_3,True,False,score_2,Immune cells,23,False,0.35673840215570607,29.658190912880368,35.739529151639275,,,,
seba_5fold_f0,primario,val,4,score_3,True,False,score_2,Tumor,48,False,0.8766838560303094,88.79741558982909,87.29939558149228,0.0004997501249375312,0.02456140350877193,569.0,0.7322203953637205
seba_5fold_f0,primario,val,4,score_3,True,False,score_2,necrosis,18,False,0.7355853029352297,81.63818257607338,73.47505905238295,,,,
seba_5fold_f0,primario,val,4,score_3,True,False,score_2,Stroma,12,False,0.6340435902792285,65.70446019174656,63.373627900514094,,,,
seba_5fold_f0,primario,val,4,score_3,True,False,score_2,Tejido Adiposo,27,False,0.2835444413399149,28.449353897457275,28.47173976811326,,,,
seba_5fold_f2,primario,val,4,no_identificado,False,False,score_2,Nucleos alto grado,13,True,0.9008647015333183,92.01750729470612,89.98621220380285,,,,
seba_5fold_f2,primario,val,4,no_identificado,False,False,score_2,Mitosis,28,True,0.8910605743030812,91.05877448937056,88.8859941642351,,,,
seba_5fold_f2,primario,val,4,no_identificado,False,False,score_2,Immune cells,23,False,0.3504569951205302,29.512296790329305,35.114268626420426,,,,
seba_5fold_f2,primario,val,4,no_identificado,False,False,score_2,Tumor,48,False,0.8063960218901284,81.5131304710296,80.33946436015006,,,,
seba_5fold_f2,primario,val,4,no_identificado,False,False,score_2,necrosis,18,False,0.6159915405889052,61.19216340141726,61.55805659765643,,,,
seba_5fold_f2,primario,val,4,no_identificado,False,False,score_2,Stroma,12,False,0.5187835108975698,52.740725302209256,51.87404474086426,,,,
seba_5fold_f2,primario,val,4,no_identificado,False,False,score_2,Tejido Adiposo,27,False,0.0380692930986309,3.4597749062109213,4.05724607475337,,,,
seba_5fold_f2,primario,val,4,score_1,False,False,score_2,Nucleos alto grado,13,True,0.9069561863126426,94.39349729053772,90.59383717574632,,,,
seba_5fold_f2,primario,val,4,score_1,False,False,score_2,Mitosis,28,True,0.9134278528011498,92.1217173822426,91.11013517537069,,,,
seba_5fold_f2,primario,val,4,score_1,False,False,score_2,Immune cells,23,False,0.3970759595076833,35.410587744893704,39.7547891331533,,,,
seba_5fold_f2,primario,val,4,score_1,False,False,score_2,Tumor,48,False,0.8119606398652915,82.51354731137974,80.89047519799917,,,,
seba_5fold_f2,primario,val,4,score_1,False,False,score_2,necrosis,18,False,0.5848148922819494,54.3351396415173,58.451438099208,,,,
seba_5fold_f2,primario,val,4,score_1,False,False,score_2,Stroma,12,False,0.5567509226376993,58.72238432680284,55.662081422815056,,,,
seba_5fold_f2,primario,val,4,score_1,False,False,score_2,Tejido Adiposo,27,False,0.05666542485486325,5.356398499374739,5.906782146882188,,,,
seba_5fold_f2,primario,val,4,score_2,False,True,score_2,Nucleos alto grado,13,True,0.884502876980938,94.03918299291371,88.3541219097701,0.0004997501249375312,0.02448775612193903,2000.0,0.5185816647241425
seba_5fold_f2,primario,val,4,score_2,False,True,score_2,Mitosis,28,True,0.904886666467048,93.19508128386829,90.26082296194842,0.0004997501249375312,0.002197802197802198,454.0,0.6977605984124553
seba_5fold_f2,primario,val,4,score_2,False,True,score_2,Immune cells,23,False,0.33843128686912827,24.551896623593162,33.91721188176232,,,,
seba_5fold_f2,primario,val,4,score_2,False,True,score_2,Tumor,48,False,0.8118159334876868,82.26344310129221,80.87614631096291,0.0004997501249375312,0.14332784184514002,606.0,0.681820005068975
seba_5fold_f2,primario,val,4,score_2,False,True,score_2,necrosis,18,False,0.7966022914778406,82.86786160900374,79.55513871520542,,,,
seba_5fold_f2,primario,val,4,score_2,False,True,score_2,Stroma,12,False,0.4806420165726621,45.0500208420175,48.0686397109907,,,,
seba_5fold_f2,primario,val,4,score_2,False,True,score_2,Tejido Adiposo,27,False,0.012682003042438918,1.271363067944977,1.532274250073333,,,,
seba_5fold_f2,primario,val,4,score_3,True,False,score_2,Nucleos alto grado,13,True,0.8978912854800861,92.12171738224261,89.6896142623529,0.0004997501249375312,0.03498250874562719,2000.0,0.5778129055681032
seba_5fold_f2,primario,val,4,score_3,True,False,score_2,Mitosis,28,True,0.9165269335569063,91.24635264693623,91.41829929137141,0.0004997501249375312,0.002304147465437788,433.0,0.7393931294428138
seba_5fold_f2,primario,val,4,score_3,True,False,score_2,Immune cells,23,False,0.2980573155633239,22.551062942892873,29.89832720155137,,,,
seba_5fold_f2,primario,val,4,score_3,True,False,score_2,Tumor,48,False,0.8267864660071564,83.28470195914966,82.35853480616923,0.0004997501249375312,0.02564102564102564,623.0,0.6864695005243571
seba_5fold_f2,primario,val,4,score_3,True,False,score_2,necrosis,18,False,0.6669804085616677,67.05919132972072,66.63887730999028,,,,
seba_5fold_f2,primario,val,4,score_3,True,False,score_2,Stroma,12,False,0.5014797019706149,49.52063359733222,50.14763095734333,,,,
seba_5fold_f2,primario,val,4,score_3,True,False,score_2,Tejido Adiposo,27,False,0.027482847474465246,1.9591496456857023,3.004338227347814,,,,
seba_5fold_f1,control_interno,train,4,no_identificado,False,False,score_3,Nucleos alto grado,13,True,0.8778327815101739,86.86952897040433,87.68878058165261,,,,
seba_5fold_f1,control_interno,train,4,no_identificado,False,False,score_3,Mitosis,28,True,0.9343878192652034,94.46644435181327,93.19433692610016,,,,
seba_5fold_f1,control_interno,train,4,no_identificado,False,False,score_3,Immune cells,23,False,0.4498488820916175,39.91246352646936,45.0078837196658,,,,
seba_5fold_f1,control_interno,train,4,no_identificado,False,False,score_3,Tumor,48,False,0.8353066021188522,83.87869945810755,83.2022023065166,,,,
seba_5fold_f1,control_interno,train,4,no_identificado,False,False,score_3,necrosis,18,False,0.7409189151502475,79.05377240516881,74.00653049881896,,,,
seba_5fold_f1,control_interno,train,4,no_identificado,False,False,score_3,Stroma,12,False,0.7047211196991853,68.49729053772406,70.42517715714881,,,,
seba_5fold_f1,control_interno,train,4,no_identificado,False,False,score_3,Tejido Adiposo,27,False,0.059995032752786316,4.168403501458942,6.237938647275871,,,,
seba_5fold_f1,control_interno,train,4,score_1,False,False,score_3,Nucleos alto grado,13,True,0.8603940981709474,91.64235097957483,85.94927373585149,,,,
seba_5fold_f1,control_interno,train,4,score_1,False,False,score_3,Mitosis,28,True,0.9122825403479354,94.2997082117549,90.99624843684867,,,,
seba_5fold_f1,control_interno,train,4,score_1,False,False,score_3,Immune cells,23,False,0.5965333915956594,56.544393497290535,59.609076245537096,,,,
seba_5fold_f1,control_interno,train,4,score_1,False,False,score_3,Tumor,48,False,0.7591208868308427,74.10379324718633,75.65826038627206,,,,
seba_5fold_f1,control_interno,train,4,score_1,False,False,score_3,necrosis,18,False,0.7548048990215901,84.71238015839933,75.39020888333101,,,,
seba_5fold_f1,control_interno,train,4,score_1,False,False,score_3,Stroma,12,False,0.8598635192535339,88.58899541475614,85.90384882589967,,,,
seba_5fold_f1,control_interno,train,4,score_1,False,False,score_3,Tejido Adiposo,27,False,0.251583310049362,25.9899958315965,25.292946134963646,,,,
seba_5fold_f1,control_interno,train,4,score_2,False,False,score_3,Nucleos alto grado,13,True,0.8843903693464914,94.4977073780742,88.34289928495849,,,,
seba_5fold_f1,control_interno,train,4,score_2,False,False,score_3,Mitosis,28,True,0.940009581698955,95.33138807836599,93.75334960995653,,,,
seba_5fold_f1,control_interno,train,4,score_2,False,False,score_3,Immune cells,23,False,0.5601376447454665,61.00458524385161,55.98618989796475,,,,
seba_5fold_f1,control_interno,train,4,score_2,False,False,score_3,Tumor,48,False,0.8271372693468042,83.23259691538141,82.39327150201473,,,,
seba_5fold_f1,control_interno,train,4,score_2,False,False,score_3,necrosis,18,False,0.8027493086058239,82.44060025010421,80.16766245194756,,,,
seba_5fold_f1,control_interno,train,4,score_2,False,False,score_3,Stroma,12,False,0.7590522944084673,83.0345977490621,75.8458385438377,,,,
seba_5fold_f1,control_interno,train,4,score_2,False,False,score_3,Tejido Adiposo,27,False,0.08076433516500574,9.48311796581909,8.303614160221079,,,,
seba_5fold_f1,control_interno,train,4,score_3,True,True,score_3,Nucleos alto grado,13,True,0.8782667395287538,90.01667361400584,87.73206784878315,0.0004997501249375312,0.04247876061969016,2000.0,0.6485579788321597
seba_5fold_f1,control_interno,train,4,score_3,True,True,score_3,Mitosis,28,True,0.9506243075725365,96.11296373488953,94.80884892514737,0.0004997501249375312,0.002336448598130841,427.0,0.794804805826702
seba_5fold_f1,control_interno,train,4,score_3,True,True,score_3,Immune cells,23,False,0.4420562959726167,41.704877032096704,44.23219819852475,,,,
seba_5fold_f1,control_interno,train,4,score_3,True,True,score_3,Tumor,48,False,0.8456509155967165,84.22259274697791,84.22650062526053,0.0004997501249375312,0.32084690553745926,613.0,0.7753667614617281
seba_5fold_f1,control_interno,train,4,score_3,True,True,score_3,necrosis,18,False,0.7659950266099608,81.2526052521884,76.50525681997128,,,,
seba_5fold_f1,control_interno,train,4,score_3,True,True,score_3,Stroma,12,False,0.8077954181463687,84.17048770320966,80.70897596220648,,,,
seba_5fold_f1,control_interno,train,4,score_3,True,True,score_3,Tejido Adiposo,27,False,0.19683493216603024,18.570237598999583,19.84777607953931,,,,
seba_5fold_f3,control_interno,train,4,no_identificado,False,False,score_3,Nucleos alto grado,13,True,0.7971005175351185,81.8466027511463,79.63574566325714,,,,
seba_5fold_f3,control_interno,train,4,no_identificado,False,False,score_3,Mitosis,28,True,0.7571189028954697,73.95789912463526,75.56720061930567,,,,
seba_5fold_f3,control_interno,train,4,no_identificado,False,False,score_3,Immune cells,23,False,0.7188478625009104,74.8020008336807,71.78443916849413,,,,
seba_5fold_f3,control_interno,train,4,no_identificado,False,False,score_3,Tumor,48,False,0.7980162071142918,77.93872446852856,79.5096915381409,,,,
seba_5fold_f3,control_interno,train,4,no_identificado,False,False,score_3,necrosis,18,False,0.5936112854121639,59.60817007086286,59.3279607243759,,,,
seba_5fold_f3,control_interno,train,4,no_identificado,False,False,score_3,Stroma,12,False,0.7908223661304923,81.58607753230513,79.01556203973878,,,,
seba_5fold_f3,control_interno,train,4,no_identificado,False,False,score_3,Tejido Adiposo,27,False,0.18590698829592375,18.007503126302627,18.76090346286261,,,,
seba_5fold_f3,control_interno,train,4,score_1,False,False,score_3,Nucleos alto grado,13,True,0.7781027998328458,76.96957065443935,77.74072530220926,,,,
seba_5fold_f3,control_interno,train,4,score_1,False,False,score_3,Mitosis,28,True,0.9278677725544211,94.6957065443935,92.54600131006966,,,,
seba_5fold_f3,control_interno,train,4,score_1,False,False,score_3,Immune cells,23,False,0.5811758065690773,61.48395164651938,58.08035957011074,,,,
seba_5fold_f3,control_interno,train,4,score_1,False,False,score_3,Tumor,48,False,0.8819239809162983,89.90204251771571,87.81827497568433,,,,
seba_5fold_f3,control_interno,train,4,score_1,False,False,score_3,necrosis,18,False,0.749250505473053,81.6902876198416,74.83673752952619,,,,
seba_5fold_f3,control_interno,train,4,score_1,False,False,score_3,Stroma,12,False,0.7526634635471068,80.13755731554815,75.20842017507294,,,,
seba_5fold_f3,control_interno,train,4,score_1,False,False,score_3,Tejido Adiposo,27,False,0.17664772903666448,17.257190496040018,17.839995059669928,,,,
seba_5fold_f3,control_interno,train,4,score_2,False,False,score_3,Nucleos alto grado,13,True,0.745813108746665,78.92872030012505,74.51983198127424,,,,
seba_5fold_f3,control_interno,train,4,score_2,False,False,score_3,Mitosis,28,True,0.9157184777075785,92.90329303876615,91.33790865241471,,,,
seba_5fold_f3,control_interno,train,4,score_2,False,False,score_3,Immune cells,23,False,0.6848008156725657,67.54897874114214,68.39534588687313,,,,
seba_5fold_f3,control_interno,train,4,score_2,False,False,score_3,Tumor,48,False,0.8095357117799762,85.08753647353063,80.65035778796721,,,,
seba_5fold_f3,control_interno,train,4,score_2,False,False,score_3,necrosis,18,False,0.8091984475586232,84.42059191329722,80.81029132508915,,,,
seba_5fold_f3,control_interno,train,4,score_2,False,False,score_3,Stroma,12,False,0.8511767982731008,88.82867861609003,85.03716826455468,,,,
seba_5fold_f3,control_interno,train,4,score_2,False,False,score_3,Tejido Adiposo,27,False,0.03310980720871752,2.396832013338891,3.5639849937473946,,,,
seba_5fold_f3,control_interno,train,4,score_3,True,True,score_3,Nucleos alto grado,13,True,0.7616606126844322,78.47019591496456,76.10061884759675,0.0009995002498750624,0.14142928535732133,2000.0,0.5280465157105132
seba_5fold_f3,control_interno,train,4,score_3,True,True,score_3,Mitosis,28,True,0.9438347755786448,95.38349312213421,94.13371642946466,0.0004997501249375312,0.002136752136752137,467.0,0.7403640186623829
seba_5fold_f3,control_interno,train,4,score_3,True,True,score_3,Immune cells,23,False,0.21016313451314544,11.192163401417258,21.149210721858747,,,,
seba_5fold_f3,control_interno,train,4,score_3,True,True,score_3,Tumor,48,False,0.8851206763488388,90.78782826177574,88.13481311657635,0.0004997501249375312,0.13145539906103287,638.0,0.7415787492478088
seba_5fold_f3,control_interno,train,4,score_3,True,True,score_3,necrosis,18,False,0.8140323967556764,88.12005002084202,81.29197350747998,,,,
seba_5fold_f3,control_interno,train,4,score_3,True,True,score_3,Stroma,12,False,0.6488928347608105,65.13130471029595,64.85514797832431,,,,
seba_5fold_f3,control_interno,train,4,score_3,True,True,score_3,Tejido Adiposo,27,False,0.25391170718077677,25.323051271363067,25.524524107266913,,,,
seba_5fold_f4,control_interno,train,4,no_identificado,False,False,score_3,Nucleos alto grado,13,True,0.8868012472274904,89.18299291371405,88.58338410235034,,,,
seba_5fold_f4,control_interno,train,4,no_identificado,False,False,score_3,Mitosis,28,True,0.9035616971584274,93.73697373905794,90.12907163699161,,,,
seba_5fold_f4,control_interno,train,4,no_identificado,False,False,score_3,Immune cells,23,False,0.4693303473891195,40.1417257190496,46.94709752251844,,,,
seba_5fold_f4,control_interno,train,4,no_identificado,False,False,score_3,Tumor,48,False,0.8253569423980917,81.94039182992914,82.21698277059886,,,,
seba_5fold_f4,control_interno,train,4,no_identificado,False,False,score_3,necrosis,18,False,0.8001347928141486,84.38932888703627,79.9071372331064,,,,
seba_5fold_f4,control_interno,train,4,no_identificado,False,False,score_3,Stroma,12,False,0.6349662279785531,59.17048770320967,63.46568014450465,,,,
seba_5fold_f4,control_interno,train,4,no_identificado,False,False,score_3,Tejido Adiposo,27,False,0.07152835987706063,6.711129637348895,7.385021536751425,,,,
seba_5fold_f4,control_interno,train,4,score_1,False,False,score_3,Nucleos alto grado,13,True,0.8527596515477835,85.70237598999583,85.18773848077724,,,,
seba_5fold_f4,control_interno,train,4,score_1,False,False,score_3,Mitosis,28,True,0.8850869838608258,90.35014589412255,88.2919966652772,,,,
seba_5fold_f4,control_interno,train,4,score_1,False,False,score_3,Immune cells,23,False,0.42697181559973785,34.20175072947061,42.730666763325296,,,,
seba_5fold_f4,control_interno,train,4,score_1,False,False,score_3,Tumor,48,False,0.7900222760120676,80.75239683201335,78.71812908156176,,,,
seba_5fold_f4,control_interno,train,4,score_1,False,False,score_3,necrosis,18,False,0.7926630876850497,86.7965819091288,79.16261405215135,,,,
seba_5fold_f4,control_interno,train,4,score_1,False,False,score_3,Stroma,12,False,0.6457419399763248,65.85035431429762,64.5407808809226,,,,
seba_5fold_f4,control_interno,train,4,score_1,False,False,score_3,Tejido Adiposo,27,False,0.09004687839557915,9.649854105877449,9.226838343136802,,,,
seba_5fold_f4,control_interno,train,4,score_2,False,False,score_3,Nucleos alto grado,13,True,0.768153910443923,78.03251354731138,76.74832462243886,,,,
seba_5fold_f4,control_interno,train,4,score_2,False,False,score_3,Mitosis,28,True,0.8170793783872803,85.32721967486452,81.52950634192818,,,,
seba_5fold_f4,control_interno,train,4,score_2,False,False,score_3,Immune cells,23,False,0.5846988566018498,64.81867444768653,58.43104916903781,,,,
seba_5fold_f4,control_interno,train,4,score_2,False,False,score_3,Tumor,48,False,0.7088463832175682,72.13422259274698,70.6800576629151,,,,
seba_5fold_f4,control_interno,train,4,score_2,False,False,score_3,necrosis,18,False,0.82356085430756,86.72363484785328,82.24144319392337,,,,
seba_5fold_f4,control_interno,train,4,score_2,False,False,score_3,Stroma,12,False,0.7090731843186407,69.1017090454356,70.85938585521744,,,,
seba_5fold_f4,control_interno,train,4,score_2,False,False,score_3,Tejido Adiposo,27,False,0.03746390984446307,4.168403501458942,3.9970358019545182,,,,
seba_5fold_f4,control_interno,train,4,score_3,True,True,score_3,Nucleos alto grado,13,True,0.8756308463788615,90.74614422676115,87.46913778176804,0.0004997501249375312,0.031484257871064465,2000.0,0.5953996121328764
seba_5fold_f4,control_interno,train,4,score_3,True,True,score_3,Mitosis,28,True,0.9423301494146181,96.30054189245519,93.98410051807302,0.0004997501249375312,0.0022123893805309734,451.0,0.755355492827337
seba_5fold_f4,control_interno,train,4,score_3,True,True,score_3,Immune cells,23,False,0.4753386497705921,44.893705710712794,47.54517280751037,,,,
seba_5fold_f4,control_interno,train,4,score_3,True,True,score_3,Tumor,48,False,0.8530397109380481,87.97415589829096,84.95814228150618,0.0004997501249375312,0.03576982892690513,642.0,0.7358505478894634
seba_5fold_f4,control_interno,train,4,score_3,True,True,score_3,necrosis,18,False,0.8222361663064445,86.34847853272197,82.10944374971054,,,,
seba_5fold_f4,control_interno,train,4,score_3,True,True,score_3,Stroma,12,False,0.6667014831836223,63.07836598582743,66.63192997082118,,,,
seba_5fold_f4,control_interno,train,4,score_3,True,True,score_3,Tejido Adiposo,27,False,0.07824190493930645,7.815756565235515,8.052738023559199,,,,
tier0_f0,corroboracion,train,3,score_1,False,False,score_3,Nucleos alto grado,13,True,0.8098620977852069,83.34722801167153,80.90871196331804,,,,
tier0_f0,corroboracion,train,3,score_1,False,False,score_3,Mitosis,28,True,0.936700901278558,96.58190912880366,93.4243434764485,,,,
tier0_f0,corroboracion,train,3,score_1,False,False,score_3,Immune cells,23,False,0.29104762945160584,27.511463109629013,29.200572702394112,,,,
tier0_f0,corroboracion,train,3,score_1,False,False,score_3,Tumor,48,False,0.8666991159755841,88.27636515214672,86.31070237598999,,,,
tier0_f0,corroboracion,train,3,score_1,False,False,score_3,necrosis,18,False,0.8441283785354063,91.34014172571905,84.29090824880738,,,,
tier0_f0,corroboracion,train,3,score_1,False,False,score_3,Stroma,12,False,0.5584917484854816,52.29262192580242,55.83576490204252,,,,
tier0_f0,corroboracion,train,3,score_1,False,False,score_3,Tejido Adiposo,27,False,0.3125097016547142,33.368070029178824,31.35256974356599,,,,
tier0_f0,corroboracion,train,3,score_2,False,False,score_3,Nucleos alto grado,13,True,0.8161625253142177,85.88995414756148,81.53717895276878,,,,
tier0_f0,corroboracion,train,3,score_2,False,False,score_3,Mitosis,28,True,0.9410575800221577,97.32180075031263,93.85755969749299,,,,
tier0_f0,corroboracion,train,3,score_2,False,False,score_3,Immune cells,23,False,0.4374135168596606,42.20508545227178,43.770049114667344,,,,
tier0_f0,corroboracion,train,3,score_2,False,False,score_3,Tumor,48,False,0.8691459692696274,90.32930387661526,86.55299082951228,,,,
tier0_f0,corroboracion,train,3,score_2,False,False,score_3,necrosis,18,False,0.8753979874038439,92.43434764485202,87.40678986614793,,,,
tier0_f0,corroboracion,train,3,score_2,False,False,score_3,Stroma,12,False,0.641511733166214,61.76531888286786,64.11873002639989,,,,
tier0_f0,corroboracion,train,3,score_2,False,False,score_3,Tejido Adiposo,27,False,0.18825090807488126,20.75864943726553,18.994025288314578,,,,
tier0_f0,corroboracion,train,3,score_3,True,True,score_3,Nucleos alto grado,13,True,0.8545276286605162,88.45352230095874,85.36409401353127,0.0004997501249375312,0.07746126936531735,2000.0,0.5824029193786846
tier0_f0,corroboracion,train,3,score_3,True,True,score_3,Mitosis,28,True,0.935637931550738,96.2380158399333,93.31864467337581,0.0004997501249375312,0.002369668246445498,421.0,0.752006700294473
tier0_f0,corroboracion,train,3,score_3,True,True,score_3,Immune cells,23,False,0.3923330420217027,40.641934139224674,39.28267212787937,,,,
tier0_f0,corroboracion,train,3,score_3,True,True,score_3,Tumor,48,False,0.8539035641619308,87.31763234681117,85.04368139502571,0.0004997501249375312,0.021671826625386997,645.0,0.7169581772946171
tier0_f0,corroboracion,train,3,score_3,True,True,score_3,necrosis,18,False,0.7840409956076134,83.97248853689037,78.30345977490622,,,,
tier0_f0,corroboracion,train,3,score_3,True,True,score_3,Stroma,12,False,0.5940568205556717,52.490621092121714,59.384118382659445,,,,
tier0_f0,corroboracion,train,3,score_3,True,True,score_3,Tejido Adiposo,27,False,0.052373412809288755,2.959566486035848,5.479906751269818,,,,
tier0_f1,corroboracion,train,3,score_1,False,False,score_3,Nucleos alto grado,13,True,0.8666463081423382,89.78741142142559,86.57293102895437,,,,
tier0_f1,corroboracion,train,3,score_1,False,False,score_3,Mitosis,28,True,0.9424873491630985,96.56106711129638,93.99973203120348,,,,
tier0_f1,corroboracion,train,3,score_1,False,False,score_3,Immune cells,23,False,0.38292913844585247,31.909128803668196,38.34659368939956,,,,
tier0_f1,corroboracion,train,3,score_1,False,False,score_3,Tumor,48,False,0.8679795481652985,87.51563151313047,86.43749131582604,,,,
tier0_f1,corroboracion,train,3,score_1,False,False,score_3,necrosis,18,False,0.7956262055822817,81.85702375989996,79.45787596683803,,,,
tier0_f1,corroboracion,train,3,score_1,False,False,score_3,Stroma,12,False,0.6262272822226864,61.92163401417257,62.59378907878283,,,,
tier0_f1,corroboracion,train,3,score_1,False,False,score_3,Tejido Adiposo,27,False,0.07284778491819564,6.5027094622759485,7.516249054389947,,,,
tier0_f1,corroboracion,train,3,score_2,False,False,score_3,Nucleos alto grado,13,True,0.8532418271239834,88.1825760733639,85.23583544425561,,,,
tier0_f1,corroboracion,train,3,score_2,False,False,score_3,Mitosis,28,True,0.9456388298350151,97.36348478532722,94.31310665158102,,,,
tier0_f1,corroboracion,train,3,score_2,False,False,score_3,Immune cells,23,False,0.358249581239531,29.949979157982494,35.88995414756149,,,,
tier0_f1,corroboracion,train,3,score_2,False,False,score_3,Tumor,48,False,0.8795297481232022,89.09962484368486,87.58119702653885,,,,
tier0_f1,corroboracion,train,3,score_2,False,False,score_3,necrosis,18,False,0.8186455646192103,83.57649020425177,81.75165578250196,,,,
tier0_f1,corroboracion,train,3,score_2,False,False,score_3,Stroma,12,False,0.6159390014622937,61.056690287619844,61.56731971654856,,,,
tier0_f1,corroboracion,train,3,score_2,False,False,score_3,Tejido Adiposo,27,False,0.13263326192915464,12.734472696957065,13.462399456563693,,,,
tier0_f1,corroboracion,train,3,score_3,True,True,score_3,Nucleos alto grado,13,True,0.8645729531646791,89.59983326385994,86.36611408599737,0.0004997501249375312,0.08195902048975512,2000.0,0.5806090998334085
tier0_f1,corroboracion,train,3,score_3,True,True,score_3,Mitosis,28,True,0.9406308949905681,96.22759483117966,93.81513130471032,0.0004997501249375312,0.002150537634408602,464.0,0.7554693245158421
tier0_f1,corroboracion,train,3,score_3,True,True,score_3,Immune cells,23,False,0.3714496395018571,29.887453105460608,37.20390742519528,,,,
tier0_f1,corroboracion,train,3,score_3,True,True,score_3,Tumor,48,False,0.8658045674594822,87.07794914547728,86.222123801584,0.0004997501249375312,0.044585987261146494,627.0,0.7283380273967043
tier0_f1,corroboracion,train,3,score_3,True,True,score_3,necrosis,18,False,0.7859118269074346,81.55481450604418,78.48988004261035,,,,
tier0_f1,corroboracion,train,3,score_3,True,True,score_3,Stroma,12,False,0.60789638604554,60.04585243851605,60.76490204251772,,,,
tier0_f1,corroboracion,train,3,score_3,True,True,score_3,Tejido Adiposo,27,False,0.02638850082270032,2.292621925802418,2.895496580365276,,,,
tier0_f2,corroboracion,train,3,score_1,False,False,score_3,Nucleos alto grado,13,True,0.8519720981066572,88.82867861609003,85.10918010709591,,,,
tier0_f2,corroboracion,train,3,score_1,False,False,score_3,Mitosis,28,True,0.9444036889540977,95.4877032096707,94.19028761984158,,,,
tier0_f2,corroboracion,train,3,score_1,False,False,score_3,Immune cells,23,False,0.44824666812322483,38.34931221342226,44.848396977001286,,,,
tier0_f2,corroboracion,train,3,score_1,False,False,score_3,Tumor,48,False,0.8548112678032694,88.98499374739475,85.13356259552592,,,,
tier0_f2,corroboracion,train,3,score_1,False,False,score_3,necrosis,18,False,0.8477654605033814,90.48561900791996,84.65332777546199,,,,
tier0_f2,corroboracion,train,3,score_1,False,False,score_3,Stroma,12,False,0.6513299909477056,59.42059191329721,65.09830484924272,,,,
tier0_f2,corroboracion,train,3,score_1,False,False,score_3,Tejido Adiposo,27,False,0.07823414361553506,6.9820758649437265,8.051966096984854,,,,
tier0_f2,corroboracion,train,3,score_2,False,False,score_3,Nucleos alto grado,13,True,0.858610048539008,89.59983326385994,85.77131497098149,,,,
tier0_f2,corroboracion,train,3,score_2,False,False,score_3,Mitosis,28,True,0.9435428331886098,95.73780741975824,94.10468647650808,,,,
tier0_f2,corroboracion,train,3,score_2,False,False,score_3,Immune cells,23,False,0.464705775253077,36.056690287619844,46.4867607880095,,,,
tier0_f2,corroboracion,train,3,score_2,False,False,score_3,Tumor,48,False,0.8455675998035501,86.33805752396832,84.21825065999722,,,,
tier0_f2,corroboracion,train,3,score_2,False,False,score_3,necrosis,18,False,0.8605475377071278,90.07919966652773,85.92700662313001,,,,
tier0_f2,corroboracion,train,3,score_2,False,False,score_3,Stroma,12,False,0.7145393774806769,73.64526886202584,71.40475197999166,,,,
tier0_f2,corroboracion,train,3,score_2,False,False,score_3,Tejido Adiposo,27,False,0.0864456241656577,8.357649020425177,8.868664412641069,,,,
tier0_f2,corroboracion,train,3,score_3,True,True,score_3,Nucleos alto grado,13,True,0.8720948921533961,89.82909545644019,87.11642671625997,0.0004997501249375312,0.06596701649175413,2000.0,0.5899440442051223
tier0_f2,corroboracion,train,3,score_3,True,True,score_3,Mitosis,28,True,0.9459232865227416,95.90454355981659,94.34139224676947,0.0004997501249375312,0.002325581395348837,429.0,0.7561080367135559
tier0_f2,corroboracion,train,3,score_3,True,True,score_3,Immune cells,23,False,0.44861080766149586,37.97415589829095,44.8846439639705,,,,
tier0_f2,corroboracion,train,3,score_3,True,True,score_3,Tumor,48,False,0.8517066582473866,88.9328887036265,84.82614283729332,0.0004997501249375312,0.06259780907668232,638.0,0.7291396175859355
tier0_f2,corroboracion,train,3,score_3,True,True,score_3,necrosis,18,False,0.813858095702898,87.09879116298458,81.27460515955721,,,,
tier0_f2,corroboracion,train,3,score_3,True,True,score_3,Stroma,12,False,0.5982522108488267,58.128386827844935,59.80269556759762,,,,
tier0_f2,corroboracion,train,3,score_3,True,True,score_3,Tejido Adiposo,27,False,0.020513178727763808,1.5006252605252188,2.3111481635866795,,,,
tier0_f3,corroboracion,train,3,score_1,False,False,score_3,Nucleos alto grado,13,True,0.839628403355942,88.68278449353897,83.87789784204958,,,,
tier0_f3,corroboracion,train,3,score_1,False,False,score_3,Mitosis,28,True,0.9247237775848131,94.39349729053772,92.23337104746024,,,,
tier0_f3,corroboracion,train,3,score_1,False,False,score_3,Immune cells,23,False,0.3049031388828199,24.322634431012922,30.579770556572477,,,,
tier0_f3,corroboracion,train,3,score_1,False,False,score_3,Tumor,48,False,0.8449405388339297,85.26469362234263,84.1561588161734,,,,
tier0_f3,corroboracion,train,3,score_1,False,False,score_3,necrosis,18,False,0.8601640753910154,91.25677365568987,85.88879625769998,,,,
tier0_f3,corroboracion,train,3,score_1,False,False,score_3,Stroma,12,False,0.42834760810528516,43.54939558149229,42.85118799499792,,,,
tier0_f3,corroboracion,train,3,score_1,False,False,score_3,Tejido Adiposo,27,False,0.3138601719909348,32.430179241350565,31.48688496750189,,,,
tier0_f3,corroboracion,train,3,score_2,False,False,score_3,Nucleos alto grado,13,True,0.8164036131023177,84.2434347644852,81.56122743450797,,,,
tier0_f3,corroboracion,train,3,score_2,False,False,score_3,Mitosis,28,True,0.9211605832859239,95.81075448103377,91.87905674983628,,,,
tier0_f3,corroboracion,train,3,score_2,False,False,score_3,Immune cells,23,False,0.3768662151336392,29.345560650270947,37.74308135636225,,,,
tier0_f3,corroboracion,train,3,score_2,False,False,score_3,Tumor,48,False,0.8582579106153091,87.588578574406,85.47485063220786,,,,
tier0_f3,corroboracion,train,3,score_2,False,False,score_3,necrosis,18,False,0.888017383624997,95.13338891204668,88.66425825575472,,,,
tier0_f3,corroboracion,train,3,score_2,False,False,score_3,Stroma,12,False,0.5412923891093935,64.50604418507712,54.11977212727526,,,,
tier0_f3,corroboracion,train,3,score_2,False,False,score_3,Tejido Adiposo,27,False,0.2903744062587315,30.721133805752398,29.1510351535362,,,,
tier0_f3,corroboracion,train,3,score_3,True,True,score_3,Nucleos alto grado,13,True,0.8949821595036807,94.74781158816174,89.39942924936673,0.0004997501249375312,0.041979010494752625,2000.0,0.5714849221840607
tier0_f3,corroboracion,train,3,score_3,True,True,score_3,Mitosis,28,True,0.8720094619277181,91.21508962067529,86.99160364437564,0.0004997501249375312,0.0024390243902439024,409.0,0.7076138424298114
tier0_f3,corroboracion,train,3,score_3,True,True,score_3,Immune cells,23,False,0.3579309591435438,31.117132138390996,35.858238033963424,,,,
tier0_f3,corroboracion,train,3,score_3,True,True,score_3,Tumor,48,False,0.8055365537079913,81.4922884535223,80.25435945532861,0.0004997501249375312,0.02457757296466974,650.0,0.6661540015296951
tier0_f3,corroboracion,train,3,score_3,True,True,score_3,necrosis,18,False,0.6846312951730228,71.16506877865777,68.39771200963364,,,,
tier0_f3,corroboracion,train,3,score_3,True,True,score_3,Stroma,12,False,0.49049509087110926,53.03251354731138,49.0516882034181,,,,
tier0_f3,corroboracion,train,3,score_3,True,True,score_3,Tejido Adiposo,27,False,0.2069324143925988,21.863276365152146,20.85205255276118,,,,
tier0_f4,corroboracion,train,3,score_1,False,False,score_3,Nucleos alto grado,13,True,0.8431965026198206,87.16131721550646,84.23381537178952,,,,
tier0_f4,corroboracion,train,3,score_1,False,False,score_3,Mitosis,28,True,0.9474428840913854,95.862859524802,94.49249687369738,,,,
tier0_f4,corroboracion,train,3,score_1,False,False,score_3,Immune cells,23,False,0.45053164372587573,40.87119633180492,45.07584682023308,,,,
tier0_f4,corroboracion,train,3,score_1,False,False,score_3,Tumor,48,False,0.8539781098716059,89.00583576490203,85.05106294289287,,,,
tier0_f4,corroboracion,train,3,score_1,False,False,score_3,necrosis,18,False,0.8119640242627065,88.56815339724885,81.08586911213007,,,,
tier0_f4,corroboracion,train,3,score_1,False,False,score_3,Stroma,12,False,0.5750644105563679,55.762817840766985,57.4892316242879,,,,
tier0_f4,corroboracion,train,3,score_1,False,False,score_3,Tejido Adiposo,27,False,0.12104560553848065,11.775739891621509,12.309913081067728,,,,
tier0_f4,corroboracion,train,3,score_2,False,False,score_3,Nucleos alto grado,13,True,0.8459609759233663,87.11963318049187,84.50957129573219,,,,
tier0_f4,corroboracion,train,3,score_2,False,False,score_3,Mitosis,28,True,0.9230432374165344,93.32013338891204,92.06626272851783,,,,
tier0_f4,corroboracion,train,3,score_2,False,False,score_3,Immune cells,23,False,0.5528730609569588,47.72822009170488,55.26306250792904,,,,
tier0_f4,corroboracion,train,3,score_2,False,False,score_3,Tumor,48,False,0.8688390163474357,88.80783659858274,86.52259622064749,,,,
tier0_f4,corroboracion,train,3,score_2,False,False,score_3,necrosis,18,False,0.7950800622835762,83.99333055439766,79.40345514334678,,,,
tier0_f4,corroboracion,train,3,score_2,False,False,score_3,Stroma,12,False,0.625391685815751,67.36140058357648,62.510421008753646,,,,
tier0_f4,corroboracion,train,3,score_2,False,False,score_3,Tejido Adiposo,27,False,0.08962776691192449,7.0862859524802,9.185154308122211,,,,
tier0_f4,corroboracion,train,3,score_3,True,True,score_3,Nucleos alto grado,13,True,0.8476164454016523,88.49520633597332,84.67470420367461,0.0004997501249375312,0.06996501749125437,2000.0,0.5471442031751907
tier0_f4,corroboracion,train,3,score_3,True,True,score_3,Mitosis,28,True,0.9477872263975806,96.46727803251355,94.52673733103077,0.0004997501249375312,0.002320185614849188,430.0,0.7432692227848052
tier0_f4,corroboracion,train,3,score_3,True,True,score_3,Immune cells,23,False,0.4153284538635205,38.182576073363904,41.57166935498487,,,,
tier0_f4,corroboracion,train,3,score_3,True,True,score_3,Tumor,48,False,0.8506498631866976,87.44268445185494,84.72149854105878,0.0004997501249375312,0.09076433121019108,627.0,0.727450507368084
tier0_f4,corroboracion,train,3,score_3,True,True,score_3,necrosis,18,False,0.7943363777917218,86.56731971654855,79.3293501922097,,,,
tier0_f4,corroboracion,train,3,score_3,True,True,score_3,Stroma,12,False,0.563235498920688,54.616506877865774,56.30905238293733,,,,
tier0_f4,corroboracion,train,3,score_3,True,True,score_3,Tejido Adiposo,27,False,0.12604389804725094,11.275531471446437,12.807033794945424,,,,
