slide,brazo,presupuesto_mm2,k_parches,area_real_mm2,marcas_dentro,acreditadas_dentro,detecciones_dentro,det_por_mm2,marcas_dentro_p975,acreditadas_dentro_p975,detecciones_dentro_p975
129741,sin_filtro,lamina_entera,,,26.0,13.0,177.0,,,,
129741,teselado,lamina_entera,4799.0,68.0043331584,26.0,13.0,168.0,2.470430812234917,,,
129741,clam_mitosis,lamina_entera,4799.0,68.0043331584,26.0,13.0,168.0,2.470430812234917,,,
129741,clam_gate,lamina_entera,4799.0,68.0043331584,26.0,13.0,168.0,2.470430812234917,,,
129741,clam_combinado,lamina_entera,4799.0,68.0043331584,26.0,13.0,168.0,2.470430812234917,,,
129741,azar,lamina_entera,4799.0,68.0043331584,26.0,13.0,168.0,2.470430812234917,26.0,13.0,168.0
129741,clam_mitosis,30.0,2118.0,30.0131647488,26.0,13.0,158.0,5.264356535620497,,,
129741,clam_gate,30.0,2118.0,30.0131647488,26.0,13.0,157.0,5.231037823369735,,,
129741,clam_combinado,30.0,2118.0,30.0131647488,26.0,13.0,160.0,5.330993960122022,,,
129741,azar,30.0,2118.0,30.0131647488,11.42,5.705,73.505,2.4490919439923076,17.0,9.0,86.0
129741,clam_mitosis,10.0,706.0,10.004388249600002,23.0,12.0,120.0,11.994736410274548,,,
129741,clam_gate,10.0,706.0,10.004388249600002,10.0,6.0,58.0,5.797455931632698,,,
129741,clam_combinado,10.0,706.0,10.004388249600002,19.0,12.0,104.0,10.395438222237942,,,
129741,azar,10.0,706.0,10.004388249600002,3.74,1.855,24.865,2.4854093403456385,8.0,5.0,34.0
129741,clam_mitosis,3.0,212.0,3.0041505792,16.0,9.0,67.0,22.302477267248694,,,
129741,clam_gate,3.0,212.0,3.0041505792,3.0,3.0,13.0,4.327346335436314,,,
129741,clam_combinado,3.0,212.0,3.0041505792,8.0,4.0,44.0,14.646402981476754,,,
129741,azar,3.0,212.0,3.0041505792,1.165,0.63,7.62,2.536490698155747,4.0,3.0,13.025000000000006
129741,clam_mitosis,1.0,71.0,1.0061070336,12.0,8.0,34.0,33.79362121974534,,,
129741,clam_gate,1.0,71.0,1.0061070336,0.0,0.0,5.0,4.969650179374315,,,
129741,clam_combinado,1.0,71.0,1.0061070336,7.0,4.0,20.0,19.87860071749726,,,
129741,azar,1.0,71.0,1.0061070336,0.325,0.15,2.265,2.251251531256565,2.0,1.0,5.025000000000006
126504,sin_filtro,lamina_entera,,,20.0,5.0,109.0,,,,
126504,teselado,lamina_entera,4410.0,62.492000256000004,20.0,5.0,108.0,1.728221205235476,,,
126504,clam_mitosis,lamina_entera,4410.0,62.492000256000004,20.0,5.0,108.0,1.728221205235476,,,
126504,clam_gate,lamina_entera,4410.0,62.492000256000004,20.0,5.0,108.0,1.728221205235476,,,
126504,clam_combinado,lamina_entera,4410.0,62.492000256000004,20.0,5.0,108.0,1.728221205235476,,,
126504,azar,lamina_entera,4410.0,62.492000256000004,20.0,5.0,108.0,1.728221205235476,20.0,5.0,108.0
126504,clam_mitosis,30.0,2118.0,30.0131647488,19.0,5.0,98.0,3.2652338005747388,,,
126504,clam_gate,30.0,2118.0,30.0131647488,20.0,5.0,89.0,2.9653653903178747,,,
126504,clam_combinado,30.0,2118.0,30.0131647488,20.0,5.0,98.0,3.2652338005747388,,,
126504,azar,30.0,2118.0,30.0131647488,9.655,2.41,52.25,1.740902715102348,14.0,4.0,64.0
126504,clam_mitosis,10.0,706.0,10.004388249600002,13.0,4.0,63.0,6.297236615394138,,,
126504,clam_gate,10.0,706.0,10.004388249600002,8.0,3.0,35.0,3.498464786330077,,,
126504,clam_combinado,10.0,706.0,10.004388249600002,15.0,4.0,57.0,5.697499794880411,,,
126504,azar,10.0,706.0,10.004388249600002,3.135,0.75,17.695,1.7687238398317346,6.025000000000006,2.0250000000000057,25.025000000000006
126504,clam_mitosis,3.0,212.0,3.0041505792,6.0,1.0,31.0,10.31905664604044,,,
126504,clam_gate,3.0,212.0,3.0041505792,6.0,2.0,11.0,3.6616007453691886,,,
126504,clam_combinado,3.0,212.0,3.0041505792,8.0,3.0,28.0,9.320438260939753,,,
126504,azar,3.0,212.0,3.0041505792,0.85,0.19,5.33,1.7742119975288888,3.0,1.0,10.025000000000006
126504,clam_mitosis,1.0,71.0,1.0061070336,2.0,1.0,18.0,17.890740645747535,,,
126504,clam_gate,1.0,71.0,1.0061070336,1.0,0.0,0.0,0.0,,,
126504,clam_combinado,1.0,71.0,1.0061070336,4.0,1.0,14.0,13.915020502248082,,,
126504,azar,1.0,71.0,1.0061070336,0.345,0.055,1.785,1.7741651140366304,2.0,1.0,5.0
128194,sin_filtro,lamina_entera,,,17.0,4.0,45.0,,,,
128194,teselado,lamina_entera,4570.0,64.75928371200001,17.0,4.0,45.0,0.6948810644683122,,,
128194,clam_mitosis,lamina_entera,4570.0,64.75928371200001,17.0,4.0,45.0,0.6948810644683122,,,
128194,clam_gate,lamina_entera,4570.0,64.75928371200001,17.0,4.0,45.0,0.6948810644683122,,,
128194,clam_combinado,lamina_entera,4570.0,64.75928371200001,17.0,4.0,45.0,0.6948810644683122,,,
128194,azar,lamina_entera,4570.0,64.75928371200001,17.0,4.0,45.0,0.6948810644683122,17.0,4.0,45.0
128194,clam_mitosis,30.0,2118.0,30.0131647488,17.0,4.0,42.0,1.3993859145320309,,,
128194,clam_gate,30.0,2118.0,30.0131647488,17.0,4.0,43.0,1.4327046267827934,,,
128194,clam_combinado,30.0,2118.0,30.0131647488,17.0,4.0,43.0,1.4327046267827934,,,
128194,azar,30.0,2118.0,30.0131647488,7.585,1.785,20.88,0.6956947117959239,12.0,4.0,28.0
128194,clam_mitosis,10.0,706.0,10.004388249600002,16.0,4.0,39.0,3.8982893333392283,,,
128194,clam_gate,10.0,706.0,10.004388249600002,10.0,3.0,27.0,2.6988156923117734,,,
128194,clam_combinado,10.0,706.0,10.004388249600002,15.0,3.0,36.0,3.5984209230823647,,,
128194,azar,10.0,706.0,10.004388249600002,2.65,0.59,6.78,0.677702607180512,6.0,2.0,13.0
128194,clam_mitosis,3.0,212.0,3.0041505792,10.0,1.0,21.0,6.9903286957048145,,,
128194,clam_gate,3.0,212.0,3.0041505792,1.0,0.0,2.0,0.6657455900671252,,,
128194,clam_combinado,3.0,212.0,3.0041505792,7.0,1.0,16.0,5.3259647205370015,,,
128194,azar,3.0,212.0,3.0041505792,0.905,0.2,2.125,0.7073546894463205,3.0,1.0,5.025000000000006
128194,clam_mitosis,1.0,71.0,1.0061070336,6.0,1.0,12.0,11.927160430498356,,,
128194,clam_gate,1.0,71.0,1.0061070336,0.0,0.0,2.0,1.9878600717497261,,,
128194,clam_combinado,1.0,71.0,1.0061070336,3.0,0.0,6.0,5.963580215249178,,,
128194,azar,1.0,71.0,1.0061070336,0.335,0.09,0.625,0.6212062724217894,2.0,1.0,3.0
124729,sin_filtro,lamina_entera,,,8.0,1.0,10.0,,,,
124729,teselado,lamina_entera,4334.0,61.415040614400006,8.0,1.0,10.0,0.16282656332975373,,,
124729,clam_mitosis,lamina_entera,4334.0,61.415040614400006,8.0,1.0,10.0,0.16282656332975373,,,
124729,clam_gate,lamina_entera,4334.0,61.415040614400006,8.0,1.0,10.0,0.16282656332975373,,,
124729,clam_combinado,lamina_entera,4334.0,61.415040614400006,8.0,1.0,10.0,0.16282656332975373,,,
124729,azar,lamina_entera,4334.0,61.415040614400006,8.0,1.0,10.0,0.16282656332975373,8.0,1.0,10.0
124729,clam_mitosis,30.0,2118.0,30.0131647488,8.0,1.0,10.0,0.3331871225076264,,,
124729,clam_gate,30.0,2118.0,30.0131647488,8.0,1.0,9.0,0.2998684102568638,,,
124729,clam_combinado,30.0,2118.0,30.0131647488,8.0,1.0,9.0,0.2998684102568638,,,
124729,azar,30.0,2118.0,30.0131647488,3.865,0.45,4.83,0.16092938017118355,7.0,1.0,8.0
124729,clam_mitosis,10.0,706.0,10.004388249600002,7.0,1.0,7.0,0.6996929572660153,,,
124729,clam_gate,10.0,706.0,10.004388249600002,2.0,1.0,2.0,0.19991227350457583,,,
124729,clam_combinado,10.0,706.0,10.004388249600002,7.0,1.0,8.0,0.7996490940183033,,,
124729,azar,10.0,706.0,10.004388249600002,1.335,0.18,1.76,0.17592280068402671,4.0,1.0,4.0
124729,clam_mitosis,3.0,212.0,3.0041505792,4.0,1.0,7.0,2.330109565234938,,,
124729,clam_gate,3.0,212.0,3.0041505792,0.0,0.0,0.0,0.0,,,
124729,clam_combinado,3.0,212.0,3.0041505792,2.0,1.0,2.0,0.6657455900671252,,,
124729,azar,3.0,212.0,3.0041505792,0.31,0.065,0.56,0.18640876521879507,2.0,1.0,2.0
124729,clam_mitosis,1.0,71.0,1.0061070336,1.0,1.0,6.0,5.963580215249178,,,
124729,clam_gate,1.0,71.0,1.0061070336,0.0,0.0,0.0,0.0,,,
124729,clam_combinado,1.0,71.0,1.0061070336,1.0,0.0,0.0,0.0,,,
124729,azar,1.0,71.0,1.0061070336,0.13,0.01,0.2,0.1987860071749726,1.0,0.0,1.0
124806,sin_filtro,lamina_entera,,,6.0,3.0,74.0,,,,
124806,teselado,lamina_entera,2705.0,38.331260928000006,6.0,3.0,73.0,1.9044507859295432,,,
124806,clam_mitosis,lamina_entera,2705.0,38.331260928000006,6.0,3.0,73.0,1.9044507859295432,,,
124806,clam_gate,lamina_entera,2705.0,38.331260928000006,6.0,3.0,73.0,1.9044507859295432,,,
124806,clam_combinado,lamina_entera,2705.0,38.331260928000006,6.0,3.0,73.0,1.9044507859295432,,,
124806,azar,lamina_entera,2705.0,38.331260928000006,6.0,3.0,73.0,1.9044507859295432,6.0,3.0,73.0
124806,clam_mitosis,30.0,2118.0,30.0131647488,6.0,3.0,73.0,2.4322659943056726,,,
124806,clam_gate,30.0,2118.0,30.0131647488,6.0,3.0,71.0,2.3656285698041475,,,
124806,clam_combinado,30.0,2118.0,30.0131647488,6.0,3.0,72.0,2.3989472820549103,,,
124806,azar,30.0,2118.0,30.0131647488,4.555,2.265,57.185,1.9053305600598616,6.0,3.0,64.0
124806,clam_mitosis,10.0,706.0,10.004388249600002,3.0,2.0,51.0,5.097762974366683,,,
124806,clam_gate,10.0,706.0,10.004388249600002,3.0,2.0,26.0,2.5988595555594856,,,
124806,clam_combinado,10.0,706.0,10.004388249600002,3.0,2.0,48.0,4.79789456410982,,,
124806,azar,10.0,706.0,10.004388249600002,1.72,0.84,19.03,1.9021652823960389,4.0,2.0250000000000057,28.0
124806,clam_mitosis,3.0,212.0,3.0041505792,3.0,2.0,19.0,6.324583105637689,,,
124806,clam_gate,3.0,212.0,3.0041505792,0.0,0.0,5.0,1.664363975167813,,,
124806,clam_combinado,3.0,212.0,3.0041505792,3.0,2.0,10.0,3.328727950335626,,,
124806,azar,3.0,212.0,3.0041505792,0.55,0.215,5.685,1.8923818397658032,2.0,1.0,10.025000000000006
124806,clam_mitosis,1.0,71.0,1.0061070336,1.0,0.0,7.0,6.957510251124041,,,
124806,clam_gate,1.0,71.0,1.0061070336,0.0,0.0,2.0,1.9878600717497261,,,
124806,clam_combinado,1.0,71.0,1.0061070336,1.0,1.0,3.0,2.981790107624589,,,
124806,azar,1.0,71.0,1.0061070336,0.155,0.1,1.86,1.8487098667272452,1.0,1.0,5.0
B25-158899,sin_filtro,lamina_entera,,,6.0,0.0,7.0,,,,
B25-158899,teselado,lamina_entera,4697.0,66.5589399552,6.0,0.0,7.0,0.10516994418348029,,,
B25-158899,clam_mitosis,lamina_entera,4697.0,66.5589399552,6.0,0.0,7.0,0.10516994418348029,,,
B25-158899,clam_gate,lamina_entera,4697.0,66.5589399552,6.0,0.0,7.0,0.10516994418348029,,,
B25-158899,clam_combinado,lamina_entera,4697.0,66.5589399552,6.0,0.0,7.0,0.10516994418348029,,,
B25-158899,azar,lamina_entera,4697.0,66.5589399552,6.0,0.0,7.0,0.10516994418348029,6.0,0.0,7.0
B25-158899,clam_mitosis,30.0,2118.0,30.0131647488,3.0,0.0,6.0,0.19991227350457583,,,
B25-158899,clam_gate,30.0,2118.0,30.0131647488,5.0,0.0,6.0,0.19991227350457583,,,
B25-158899,clam_combinado,30.0,2118.0,30.0131647488,3.0,0.0,7.0,0.2332309857553385,,,
B25-158899,azar,30.0,2118.0,30.0131647488,2.82,0.0,3.055,0.10178866592607987,5.0,0.0,6.0
B25-158899,clam_mitosis,10.0,706.0,10.004388249600002,1.0,0.0,3.0,0.2998684102568637,,,
B25-158899,clam_gate,10.0,706.0,10.004388249600002,1.0,0.0,2.0,0.19991227350457583,,,
B25-158899,clam_combinado,10.0,706.0,10.004388249600002,1.0,0.0,3.0,0.2998684102568637,,,
B25-158899,azar,10.0,706.0,10.004388249600002,0.77,0.0,0.955,0.09545811059843495,3.0,0.0,3.0
B25-158899,clam_mitosis,3.0,212.0,3.0041505792,0.0,0.0,2.0,0.6657455900671252,,,
B25-158899,clam_gate,3.0,212.0,3.0041505792,0.0,0.0,0.0,0.0,,,
B25-158899,clam_combinado,3.0,212.0,3.0041505792,0.0,0.0,1.0,0.3328727950335626,,,
B25-158899,azar,3.0,212.0,3.0041505792,0.235,0.0,0.36,0.11983420621208253,2.0,0.0,2.0
B25-158899,clam_mitosis,1.0,71.0,1.0061070336,0.0,0.0,1.0,0.9939300358748631,,,
B25-158899,clam_gate,1.0,71.0,1.0061070336,0.0,0.0,0.0,0.0,,,
B25-158899,clam_combinado,1.0,71.0,1.0061070336,0.0,0.0,1.0,0.9939300358748631,,,
B25-158899,azar,1.0,71.0,1.0061070336,0.06,0.0,0.1,0.0993930035874863,1.0,0.0,1.0
144317,sin_filtro,lamina_entera,,,3.0,0.0,10.0,,,,
144317,teselado,lamina_entera,4769.0,67.5792175104,3.0,0.0,10.0,0.14797448636425933,,,
144317,clam_mitosis,lamina_entera,4769.0,67.5792175104,3.0,0.0,10.0,0.14797448636425933,,,
144317,clam_gate,lamina_entera,4769.0,67.5792175104,3.0,0.0,10.0,0.14797448636425933,,,
144317,clam_combinado,lamina_entera,4769.0,67.5792175104,3.0,0.0,10.0,0.14797448636425933,,,
144317,azar,lamina_entera,4769.0,67.5792175104,3.0,0.0,10.0,0.14797448636425933,3.0,0.0,10.0
144317,clam_mitosis,30.0,2118.0,30.0131647488,3.0,0.0,4.0,0.13327484900305056,,,
144317,clam_gate,30.0,2118.0,30.0131647488,2.0,0.0,2.0,0.06663742450152528,,,
144317,clam_combinado,30.0,2118.0,30.0131647488,3.0,0.0,3.0,0.09995613675228791,,,
144317,azar,30.0,2118.0,30.0131647488,1.24,0.0,4.47,0.14893464376090898,3.0,0.0,8.0
144317,clam_mitosis,10.0,706.0,10.004388249600002,2.0,0.0,2.0,0.19991227350457583,,,
144317,clam_gate,10.0,706.0,10.004388249600002,2.0,0.0,1.0,0.09995613675228791,,,
144317,clam_combinado,10.0,706.0,10.004388249600002,2.0,0.0,1.0,0.09995613675228791,,,
144317,azar,10.0,706.0,10.004388249600002,0.435,0.0,1.635,0.16342828358999073,2.0,0.0,5.0
144317,clam_mitosis,3.0,212.0,3.0041505792,1.0,0.0,1.0,0.3328727950335626,,,
144317,clam_gate,3.0,212.0,3.0041505792,1.0,0.0,0.0,0.0,,,
144317,clam_combinado,3.0,212.0,3.0041505792,1.0,0.0,0.0,0.0,,,
144317,azar,3.0,212.0,3.0041505792,0.1,0.0,0.395,0.13148475403825724,1.0,0.0,2.0
144317,clam_mitosis,1.0,71.0,1.0061070336,1.0,0.0,1.0,0.9939300358748631,,,
144317,clam_gate,1.0,71.0,1.0061070336,1.0,0.0,0.0,0.0,,,
144317,clam_combinado,1.0,71.0,1.0061070336,1.0,0.0,0.0,0.0,,,
144317,azar,1.0,71.0,1.0061070336,0.04,0.0,0.14,0.13915020502248085,1.0,0.0,2.0
164001,sin_filtro,lamina_entera,,,3.0,0.0,20.0,,,,
164001,teselado,lamina_entera,3796.0,53.791299993600006,3.0,0.0,15.0,0.27885550268881165,,,
164001,clam_mitosis,lamina_entera,3796.0,53.791299993600006,3.0,0.0,15.0,0.27885550268881165,,,
164001,clam_gate,lamina_entera,3796.0,53.791299993600006,3.0,0.0,15.0,0.27885550268881165,,,
164001,clam_combinado,lamina_entera,3796.0,53.791299993600006,3.0,0.0,15.0,0.27885550268881165,,,
164001,azar,lamina_entera,3796.0,53.791299993600006,3.0,0.0,15.0,0.27885550268881165,3.0,0.0,15.0
164001,clam_mitosis,30.0,2118.0,30.0131647488,3.0,0.0,10.0,0.3331871225076264,,,
164001,clam_gate,30.0,2118.0,30.0131647488,3.0,0.0,10.0,0.3331871225076264,,,
164001,clam_combinado,30.0,2118.0,30.0131647488,3.0,0.0,10.0,0.3331871225076264,,,
164001,azar,30.0,2118.0,30.0131647488,1.6,0.0,8.345,0.2780446537326142,3.0,0.0,12.0
164001,clam_mitosis,10.0,706.0,10.004388249600002,0.0,0.0,7.0,0.6996929572660153,,,
164001,clam_gate,10.0,706.0,10.004388249600002,3.0,0.0,2.0,0.19991227350457583,,,
164001,clam_combinado,10.0,706.0,10.004388249600002,2.0,0.0,3.0,0.2998684102568637,,,
164001,azar,10.0,706.0,10.004388249600002,0.525,0.0,2.87,0.2868741124790663,2.0,0.0,6.0
164001,clam_mitosis,3.0,212.0,3.0041505792,0.0,0.0,5.0,1.664363975167813,,,
164001,clam_gate,3.0,212.0,3.0041505792,1.0,0.0,0.0,0.0,,,
164001,clam_combinado,3.0,212.0,3.0041505792,0.0,0.0,2.0,0.6657455900671252,,,
164001,azar,3.0,212.0,3.0041505792,0.185,0.0,0.835,0.27794878385302474,1.0,0.0,3.0
164001,clam_mitosis,1.0,71.0,1.0061070336,0.0,0.0,2.0,1.9878600717497261,,,
164001,clam_gate,1.0,71.0,1.0061070336,0.0,0.0,0.0,0.0,,,
164001,clam_combinado,1.0,71.0,1.0061070336,0.0,0.0,1.0,0.9939300358748631,,,
164001,azar,1.0,71.0,1.0061070336,0.03,0.0,0.34,0.33793621219745346,1.0,0.0,2.0
106552,sin_filtro,lamina_entera,,,2.0,0.0,10.0,,,,
106552,teselado,lamina_entera,4659.0,66.02046013440001,2.0,0.0,9.0,0.13632137645933406,,,
106552,clam_mitosis,lamina_entera,4659.0,66.02046013440001,2.0,0.0,9.0,0.13632137645933406,,,
106552,clam_gate,lamina_entera,4659.0,66.02046013440001,2.0,0.0,9.0,0.13632137645933406,,,
106552,clam_combinado,lamina_entera,4659.0,66.02046013440001,2.0,0.0,9.0,0.13632137645933406,,,
106552,azar,lamina_entera,4659.0,66.02046013440001,2.0,0.0,9.0,0.13632137645933406,2.0,0.0,9.0
106552,clam_mitosis,30.0,2118.0,30.0131647488,2.0,0.0,5.0,0.1665935612538132,,,
106552,clam_gate,30.0,2118.0,30.0131647488,2.0,0.0,7.0,0.2332309857553385,,,
106552,clam_combinado,30.0,2118.0,30.0131647488,2.0,0.0,6.0,0.19991227350457583,,,
106552,azar,30.0,2118.0,30.0131647488,0.875,0.0,3.975,0.1324418811967815,2.0,0.0,7.0
106552,clam_mitosis,10.0,706.0,10.004388249600002,2.0,0.0,4.0,0.39982454700915165,,,
106552,clam_gate,10.0,706.0,10.004388249600002,1.0,0.0,0.0,0.0,,,
106552,clam_combinado,10.0,706.0,10.004388249600002,2.0,0.0,0.0,0.0,,,
106552,azar,10.0,706.0,10.004388249600002,0.295,0.0,1.42,0.14193771418824883,1.0,0.0,4.0
106552,clam_mitosis,3.0,212.0,3.0041505792,2.0,0.0,0.0,0.0,,,
106552,clam_gate,3.0,212.0,3.0041505792,1.0,0.0,0.0,0.0,,,
106552,clam_combinado,3.0,212.0,3.0041505792,1.0,0.0,0.0,0.0,,,
106552,azar,3.0,212.0,3.0041505792,0.12,0.0,0.395,0.13148475403825724,1.0,0.0,2.0
106552,clam_mitosis,1.0,71.0,1.0061070336,0.0,0.0,0.0,0.0,,,
106552,clam_gate,1.0,71.0,1.0061070336,0.0,0.0,0.0,0.0,,,
106552,clam_combinado,1.0,71.0,1.0061070336,1.0,0.0,0.0,0.0,,,
106552,azar,1.0,71.0,1.0061070336,0.025,0.0,0.115,0.11430195412560926,0.025000000000005684,0.0,1.0
103762,sin_filtro,lamina_entera,,,1.0,0.0,252.0,,,,
103762,teselado,lamina_entera,5203.0,73.7292238848,1.0,0.0,245.0,3.3229700123089065,,,
103762,clam_mitosis,lamina_entera,5203.0,73.7292238848,1.0,0.0,245.0,3.3229700123089065,,,
103762,clam_gate,lamina_entera,5203.0,73.7292238848,1.0,0.0,245.0,3.3229700123089065,,,
103762,clam_combinado,lamina_entera,5203.0,73.7292238848,1.0,0.0,245.0,3.3229700123089065,,,
103762,azar,lamina_entera,5203.0,73.7292238848,1.0,0.0,245.0,3.3229700123089065,1.0,0.0,245.0
103762,clam_mitosis,30.0,2118.0,30.0131647488,1.0,0.0,132.0,4.398070017100668,,,
103762,clam_gate,30.0,2118.0,30.0131647488,1.0,0.0,103.0,3.4318273618285517,,,
103762,clam_combinado,30.0,2118.0,30.0131647488,1.0,0.0,128.0,4.264795168097618,,,
103762,azar,30.0,2118.0,30.0131647488,0.43,0.0,99.155,3.3037169132243696,1.0,0.0,118.0
103762,clam_mitosis,10.0,706.0,10.004388249600002,0.0,0.0,28.0,2.7987718290640613,,,
103762,clam_gate,10.0,706.0,10.004388249600002,1.0,0.0,9.0,0.8996052307705912,,,
103762,clam_combinado,10.0,706.0,10.004388249600002,1.0,0.0,18.0,1.7992104615411824,,,
103762,azar,10.0,706.0,10.004388249600002,0.16,0.0,33.955,3.394010623423936,1.0,0.0,45.025000000000006
103762,clam_mitosis,3.0,212.0,3.0041505792,0.0,0.0,11.0,3.6616007453691886,,,
103762,clam_gate,3.0,212.0,3.0041505792,0.0,0.0,0.0,0.0,,,
103762,clam_combinado,3.0,212.0,3.0041505792,0.0,0.0,2.0,0.6657455900671252,,,
103762,azar,3.0,212.0,3.0041505792,0.03,0.0,10.23,3.4052886931933455,1.0,0.0,17.0
103762,clam_mitosis,1.0,71.0,1.0061070336,0.0,0.0,5.0,4.969650179374315,,,
103762,clam_gate,1.0,71.0,1.0061070336,0.0,0.0,0.0,0.0,,,
103762,clam_combinado,1.0,71.0,1.0061070336,0.0,0.0,0.0,0.0,,,
103762,azar,1.0,71.0,1.0061070336,0.025,0.0,3.46,3.438997924127026,0.025000000000005684,0.0,8.0
109609,sin_filtro,lamina_entera,,,1.0,0.0,13.0,,,,
109609,teselado,lamina_entera,2957.0,41.9022323712,1.0,0.0,12.0,0.28638092342420807,,,
109609,clam_mitosis,lamina_entera,2957.0,41.9022323712,1.0,0.0,12.0,0.28638092342420807,,,
109609,clam_gate,lamina_entera,2957.0,41.9022323712,1.0,0.0,12.0,0.28638092342420807,,,
109609,clam_combinado,lamina_entera,2957.0,41.9022323712,1.0,0.0,12.0,0.28638092342420807,,,
109609,azar,lamina_entera,2957.0,41.9022323712,1.0,0.0,12.0,0.28638092342420807,1.0,0.0,12.0
109609,clam_mitosis,30.0,2118.0,30.0131647488,1.0,0.0,8.0,0.2665496980061011,,,
109609,clam_gate,30.0,2118.0,30.0131647488,1.0,0.0,10.0,0.3331871225076264,,,
109609,clam_combinado,30.0,2118.0,30.0131647488,1.0,0.0,9.0,0.2998684102568638,,,
109609,azar,30.0,2118.0,30.0131647488,0.72,0.0,8.475,0.2823760863252134,1.0,0.0,11.0
109609,clam_mitosis,10.0,706.0,10.004388249600002,0.0,0.0,2.0,0.19991227350457583,,,
109609,clam_gate,10.0,706.0,10.004388249600002,0.0,0.0,2.0,0.19991227350457583,,,
109609,clam_combinado,10.0,706.0,10.004388249600002,0.0,0.0,2.0,0.19991227350457583,,,
109609,azar,10.0,706.0,10.004388249600002,0.195,0.0,2.64,0.2638842010260401,1.0,0.0,5.025000000000006
109609,clam_mitosis,3.0,212.0,3.0041505792,0.0,0.0,1.0,0.3328727950335626,,,
109609,clam_gate,3.0,212.0,3.0041505792,0.0,0.0,0.0,0.0,,,
109609,clam_combinado,3.0,212.0,3.0041505792,0.0,0.0,0.0,0.0,,,
109609,azar,3.0,212.0,3.0041505792,0.05,0.0,0.86,0.2862706037288638,1.0,0.0,3.0
109609,clam_mitosis,1.0,71.0,1.0061070336,0.0,0.0,1.0,0.9939300358748631,,,
109609,clam_gate,1.0,71.0,1.0061070336,0.0,0.0,0.0,0.0,,,
109609,clam_combinado,1.0,71.0,1.0061070336,0.0,0.0,0.0,0.0,,,
109609,azar,1.0,71.0,1.0061070336,0.015,0.0,0.32,0.31805761147995615,0.0,0.0,2.0
110616,sin_filtro,lamina_entera,,,1.0,0.0,5.0,,,,
110616,teselado,lamina_entera,2933.0,41.5621398528,1.0,0.0,5.0,0.12030179431830083,,,
110616,clam_mitosis,lamina_entera,2933.0,41.5621398528,1.0,0.0,5.0,0.12030179431830083,,,
110616,clam_gate,lamina_entera,2933.0,41.5621398528,1.0,0.0,5.0,0.12030179431830083,,,
110616,clam_combinado,lamina_entera,2933.0,41.5621398528,1.0,0.0,5.0,0.12030179431830083,,,
110616,azar,lamina_entera,2933.0,41.5621398528,1.0,0.0,5.0,0.12030179431830083,1.0,0.0,5.0
110616,clam_mitosis,30.0,2118.0,30.0131647488,1.0,0.0,3.0,0.09995613675228791,,,
110616,clam_gate,30.0,2118.0,30.0131647488,1.0,0.0,3.0,0.09995613675228791,,,
110616,clam_combinado,30.0,2118.0,30.0131647488,1.0,0.0,3.0,0.09995613675228791,,,
110616,azar,30.0,2118.0,30.0131647488,0.715,0.0,3.725,0.12411220313409084,1.0,0.0,5.0
110616,clam_mitosis,10.0,706.0,10.004388249600002,1.0,0.0,1.0,0.09995613675228791,,,
110616,clam_gate,10.0,706.0,10.004388249600002,1.0,0.0,2.0,0.19991227350457583,,,
110616,clam_combinado,10.0,706.0,10.004388249600002,1.0,0.0,1.0,0.09995613675228791,,,
110616,azar,10.0,706.0,10.004388249600002,0.215,0.0,1.195,0.11944758341898405,1.0,0.0,3.0
110616,clam_mitosis,3.0,212.0,3.0041505792,0.0,0.0,1.0,0.3328727950335626,,,
110616,clam_gate,3.0,212.0,3.0041505792,1.0,0.0,0.0,0.0,,,
110616,clam_combinado,3.0,212.0,3.0041505792,1.0,0.0,1.0,0.3328727950335626,,,
110616,azar,3.0,212.0,3.0041505792,0.1,0.0,0.365,0.12149857018725035,1.0,0.0,2.0
110616,clam_mitosis,1.0,71.0,1.0061070336,0.0,0.0,1.0,0.9939300358748631,,,
110616,clam_gate,1.0,71.0,1.0061070336,1.0,0.0,0.0,0.0,,,
110616,clam_combinado,1.0,71.0,1.0061070336,0.0,0.0,0.0,0.0,,,
110616,azar,1.0,71.0,1.0061070336,0.02,0.0,0.115,0.11430195412560926,0.0,0.0,1.0
