rank,experto,slot,id,peso_pct,vs_uniforme,masa_acum_pct,sobre_uniforme,en_top_90pct,pct_TCGA-A7-A4SB,pct_TCGA-D8-A1XB
1,13,6,e13·s6,3.2441,9.732,3.24,si,si,4.088,2.4003
2,21,0,e21·s0,3.1104,9.331,6.35,si,si,5.769,0.4517
3,2,6,e2·s6,2.714,8.142,9.07,si,si,4.6281,0.7998
4,3,2,e3·s2,2.6985,8.095,11.77,si,si,4.9423,0.4546
5,19,9,e19·s9,2.6484,7.945,14.42,si,si,3.2249,2.0719
6,28,4,e28·s4,2.3568,7.07,16.77,si,si,1.8535,2.8601
7,27,3,e27·s3,1.881,5.643,18.65,si,si,3.6407,0.1213
8,12,9,e12·s9,1.8727,5.618,20.53,si,si,3.7052,0.0402
9,28,5,e28·s5,1.7827,5.348,22.31,si,si,1.4355,2.1299
10,6,9,e6·s9,1.4958,4.488,23.8,si,si,0.1855,2.8062
11,21,2,e21·s2,1.4718,4.416,25.28,si,si,2.8184,0.1253
12,13,5,e13·s5,1.4524,4.357,26.73,si,si,1.1925,1.7124
13,15,7,e15·s7,1.3307,3.992,28.06,si,si,1.5641,1.0974
14,14,9,e14·s9,1.2734,3.82,29.33,si,si,2.2503,0.2966
15,5,0,e5·s0,1.2411,3.723,30.57,si,si,2.3539,0.1284
16,16,2,e16·s2,1.2305,3.692,31.8,si,si,1.761,0.7
17,8,1,e8·s1,1.189,3.567,32.99,si,si,1.9316,0.4464
18,13,3,e13·s3,1.1591,3.477,34.15,si,si,1.5216,0.7966
19,28,0,e28·s0,1.1353,3.406,35.29,si,si,2.13,0.1406
20,19,5,e19·s5,1.0302,3.09,36.32,si,si,0.6433,1.417
21,14,8,e14·s8,1.006,3.018,37.32,si,si,1.7354,0.2766
22,1,7,e1·s7,0.9986,2.996,38.32,si,si,0.0447,1.9524
23,19,6,e19·s6,0.9946,2.984,39.32,si,si,1.4453,0.5439
24,26,2,e26·s2,0.9218,2.765,40.24,si,si,0.1025,1.7411
25,21,6,e21·s6,0.9101,2.73,41.15,si,si,1.3219,0.4983
26,10,5,e10·s5,0.8546,2.564,42.0,si,si,0.0339,1.6752
27,8,0,e8·s0,0.8146,2.444,42.82,si,si,1.2908,0.3385
28,29,7,e29·s7,0.8059,2.418,43.62,si,si,0.3944,1.2173
29,27,5,e27·s5,0.7556,2.267,44.38,si,si,1.227,0.2842
30,2,8,e2·s8,0.7487,2.246,45.13,si,si,1.1562,0.3412
31,21,8,e21·s8,0.7247,2.174,45.85,si,si,0.5257,0.9237
32,5,1,e5·s1,0.7198,2.159,46.57,si,si,1.2898,0.1499
33,19,2,e19·s2,0.7059,2.118,47.28,si,si,0.6133,0.7985
34,10,6,e10·s6,0.6928,2.078,47.97,si,si,1.1869,0.1987
35,17,3,e17·s3,0.6917,2.075,48.66,si,si,0.2788,1.1045
36,6,5,e6·s5,0.6769,2.031,49.34,si,si,0.4804,0.8735
37,7,0,e7·s0,0.6646,1.994,50.0,si,si,0.6439,0.6852
38,2,5,e2·s5,0.6457,1.937,50.65,si,si,0.3362,0.9552
39,10,1,e10·s1,0.6432,1.93,51.29,si,si,0.6982,0.5881
40,22,3,e22·s3,0.6378,1.913,51.93,si,si,0.0413,1.2343
41,2,7,e2·s7,0.6339,1.902,52.57,si,si,0.1051,1.1627
42,6,2,e6·s2,0.6059,1.818,53.17,si,si,0.1929,1.0189
43,15,2,e15·s2,0.5903,1.771,53.76,si,si,0.334,0.8466
44,18,5,e18·s5,0.5813,1.744,54.34,si,si,0.0422,1.1204
45,4,5,e4·s5,0.5779,1.734,54.92,si,si,0.5421,0.6137
46,0,1,e0·s1,0.562,1.686,55.48,si,si,1.0846,0.0394
47,12,5,e12·s5,0.562,1.686,56.04,si,si,0.6657,0.4583
48,2,0,e2·s0,0.5561,1.668,56.6,si,si,0.1916,0.9205
49,1,2,e1·s2,0.5428,1.628,57.14,si,si,0.9657,0.1199
50,22,9,e22·s9,0.5385,1.615,57.68,si,si,0.1396,0.9374
51,23,2,e23·s2,0.5285,1.585,58.21,si,si,0.6674,0.3895
52,27,7,e27·s7,0.5264,1.579,58.74,si,si,0.6368,0.416
53,11,8,e11·s8,0.5246,1.574,59.26,si,si,0.5327,0.5164
54,7,3,e7·s3,0.5153,1.546,59.78,si,si,0.0144,1.0161
55,4,9,e4·s9,0.5093,1.528,60.29,si,si,0.5728,0.4457
56,16,6,e16·s6,0.5073,1.522,60.79,si,si,0.2556,0.7589
57,9,0,e9·s0,0.4872,1.462,61.28,si,si,0.0263,0.9481
58,13,2,e13·s2,0.4672,1.402,61.75,si,si,0.3974,0.5371
59,17,0,e17·s0,0.4657,1.397,62.21,si,si,0.3298,0.6017
60,28,9,e28·s9,0.4539,1.362,62.67,si,si,0.85,0.0578
61,21,1,e21·s1,0.4537,1.361,63.12,si,si,0.8097,0.0977
62,5,9,e5·s9,0.4447,1.334,63.57,si,si,0.206,0.6834
63,14,2,e14·s2,0.4446,1.334,64.01,si,si,0.6412,0.248
64,26,8,e26·s8,0.443,1.329,64.45,si,si,0.0336,0.8525
65,29,6,e29·s6,0.4396,1.319,64.89,si,si,0.7361,0.1431
66,23,5,e23·s5,0.4342,1.302,65.33,si,si,0.0222,0.8461
67,3,1,e3·s1,0.4328,1.298,65.76,si,si,0.3862,0.4794
68,22,6,e22·s6,0.4255,1.276,66.19,si,si,0.1773,0.6736
69,17,4,e17·s4,0.4012,1.204,66.59,si,si,0.4626,0.3397
70,13,7,e13·s7,0.4011,1.203,66.99,si,si,0.559,0.2432
71,9,5,e9·s5,0.3988,1.196,67.39,si,si,0.7118,0.0859
72,7,5,e7·s5,0.3927,1.178,67.78,si,si,0.0938,0.6916
73,26,1,e26·s1,0.3865,1.159,68.17,si,si,0.0201,0.7529
74,15,5,e15·s5,0.3864,1.159,68.55,si,si,0.3873,0.3855
75,6,6,e6·s6,0.3798,1.139,68.93,si,si,0.021,0.7386
76,7,9,e7·s9,0.3717,1.115,69.3,si,si,0.0451,0.6983
77,20,0,e20·s0,0.3709,1.113,69.67,si,si,0.6483,0.0934
78,11,0,e11·s0,0.3689,1.107,70.04,si,si,0.3546,0.3833
79,0,3,e0·s3,0.3557,1.067,70.4,si,si,0.0414,0.6701
80,8,7,e8·s7,0.3425,1.027,70.74,si,si,0.0664,0.6185
81,25,7,e25·s7,0.3402,1.021,71.08,si,si,0.143,0.5374
82,0,6,e0·s6,0.3349,1.005,71.42,si,si,0.2623,0.4075
83,19,3,e19·s3,0.3332,1.0,71.75,no (≈0),si,0.165,0.5015
84,7,2,e7·s2,0.3243,0.973,72.07,no (≈0),si,0.1523,0.4964
85,15,8,e15·s8,0.321,0.963,72.4,no (≈0),si,0.2466,0.3955
86,23,4,e23·s4,0.3184,0.955,72.71,no (≈0),si,0.3637,0.273
87,15,3,e15·s3,0.3146,0.944,73.03,no (≈0),si,0.2167,0.4125
88,11,9,e11·s9,0.3142,0.943,73.34,no (≈0),si,0.1271,0.5012
89,21,5,e21·s5,0.314,0.942,73.66,no (≈0),si,0.3567,0.2714
90,23,8,e23·s8,0.3096,0.929,73.97,no (≈0),si,0.2989,0.3203
91,2,9,e2·s9,0.3093,0.928,74.28,no (≈0),si,0.094,0.5247
92,22,2,e22·s2,0.3066,0.92,74.58,no (≈0),si,0.3037,0.3094
93,22,4,e22·s4,0.3038,0.911,74.89,no (≈0),si,0.1652,0.4423
94,13,4,e13·s4,0.3037,0.911,75.19,no (≈0),si,0.0892,0.5182
95,27,1,e27·s1,0.2951,0.885,75.48,no (≈0),si,0.3248,0.2654
96,24,5,e24·s5,0.2948,0.885,75.78,no (≈0),si,0.4722,0.1175
97,27,2,e27·s2,0.2897,0.869,76.07,no (≈0),si,0.3481,0.2314
98,12,7,e12·s7,0.2893,0.868,76.36,no (≈0),si,0.0908,0.4878
99,12,2,e12·s2,0.2883,0.865,76.65,no (≈0),si,0.2351,0.3415
100,14,1,e14·s1,0.2749,0.825,76.92,no (≈0),si,0.2852,0.2646
101,15,9,e15·s9,0.2721,0.816,77.19,no (≈0),si,0.0587,0.4854
102,29,9,e29·s9,0.2711,0.813,77.46,no (≈0),si,0.073,0.4691
103,11,2,e11·s2,0.2661,0.798,77.73,no (≈0),si,0.0929,0.4393
104,6,0,e6·s0,0.2604,0.781,77.99,no (≈0),si,0.2038,0.317
105,14,5,e14·s5,0.2587,0.776,78.25,no (≈0),si,0.4282,0.0892
106,29,5,e29·s5,0.2551,0.765,78.51,no (≈0),si,0.3603,0.15
107,26,6,e26·s6,0.2493,0.748,78.75,no (≈0),si,0.0853,0.4133
108,29,2,e29·s2,0.2485,0.746,79.0,no (≈0),si,0.0939,0.4032
109,3,7,e3·s7,0.2431,0.729,79.25,no (≈0),si,0.114,0.3721
110,23,1,e23·s1,0.2407,0.722,79.49,no (≈0),si,0.0453,0.4361
111,16,3,e16·s3,0.2406,0.722,79.73,no (≈0),si,0.0326,0.4487
112,14,6,e14·s6,0.2403,0.721,79.97,no (≈0),si,0.1207,0.3598
113,12,3,e12·s3,0.2391,0.717,80.21,no (≈0),si,0.2405,0.2377
114,7,8,e7·s8,0.2312,0.694,80.44,no (≈0),si,0.1896,0.2729
115,25,9,e25·s9,0.2281,0.684,80.67,no (≈0),si,0.2165,0.2398
116,19,0,e19·s0,0.2233,0.67,80.89,no (≈0),si,0.0581,0.3884
117,28,6,e28·s6,0.2226,0.668,81.11,no (≈0),si,0.2725,0.1727
118,18,9,e18·s9,0.2169,0.651,81.33,no (≈0),si,0.1079,0.3258
119,24,4,e24·s4,0.211,0.633,81.54,no (≈0),si,0.0105,0.4116
120,8,8,e8·s8,0.2105,0.632,81.75,no (≈0),si,0.2814,0.1396
121,24,1,e24·s1,0.2072,0.622,81.96,no (≈0),si,0.3474,0.067
122,10,2,e10·s2,0.2049,0.615,82.16,no (≈0),si,0.2288,0.181
123,28,8,e28·s8,0.2031,0.609,82.37,no (≈0),si,0.2746,0.1315
124,5,2,e5·s2,0.2008,0.603,82.57,no (≈0),si,0.118,0.2837
125,17,1,e17·s1,0.2007,0.602,82.77,no (≈0),si,0.3614,0.04
126,13,9,e13·s9,0.1938,0.581,82.96,no (≈0),si,0.0616,0.326
127,29,4,e29·s4,0.1931,0.579,83.15,no (≈0),si,0.0401,0.3462
128,8,9,e8·s9,0.1919,0.576,83.35,no (≈0),si,0.0389,0.3448
129,3,0,e3·s0,0.1911,0.573,83.54,no (≈0),si,0.0125,0.3697
130,29,8,e29·s8,0.19,0.57,83.73,no (≈0),si,0.1606,0.2195
131,28,2,e28·s2,0.1883,0.565,83.92,no (≈0),si,0.0235,0.3531
132,10,4,e10·s4,0.1852,0.556,84.1,no (≈0),si,0.0607,0.3097
133,11,4,e11·s4,0.185,0.555,84.29,no (≈0),si,0.212,0.1579
134,18,0,e18·s0,0.1819,0.546,84.47,no (≈0),si,0.0131,0.3507
135,18,2,e18·s2,0.1811,0.543,84.65,no (≈0),si,0.1019,0.2603
136,28,7,e28·s7,0.1799,0.54,84.83,no (≈0),si,0.0589,0.301
137,25,5,e25·s5,0.178,0.534,85.01,no (≈0),si,0.0337,0.3224
138,11,7,e11·s7,0.1731,0.519,85.18,no (≈0),si,0.0131,0.333
139,10,0,e10·s0,0.1726,0.518,85.35,no (≈0),si,0.1536,0.1917
140,9,8,e9·s8,0.1713,0.514,85.52,no (≈0),si,0.0189,0.3237
141,7,1,e7·s1,0.1713,0.514,85.69,no (≈0),si,0.0066,0.336
142,19,4,e19·s4,0.171,0.513,85.87,no (≈0),si,0.1877,0.1544
143,0,5,e0·s5,0.1708,0.512,86.04,no (≈0),si,0.0183,0.3233
144,9,6,e9·s6,0.1707,0.512,86.21,no (≈0),si,0.2815,0.0598
145,5,5,e5·s5,0.1673,0.502,86.37,no (≈0),si,0.091,0.2435
146,27,9,e27·s9,0.1668,0.5,86.54,no (≈0),si,0.057,0.2766
147,5,8,e5·s8,0.1648,0.494,86.71,no (≈0),si,0.1129,0.2166
148,26,4,e26·s4,0.1608,0.482,86.87,no (≈0),si,0.1424,0.1792
149,25,1,e25·s1,0.1603,0.481,87.03,no (≈0),si,0.2289,0.0917
150,16,7,e16·s7,0.157,0.471,87.18,no (≈0),si,0.0443,0.2697
151,1,6,e1·s6,0.1556,0.467,87.34,no (≈0),si,0.0098,0.3015
152,4,3,e4·s3,0.1551,0.465,87.49,no (≈0),si,0.1378,0.1725
153,4,2,e4·s2,0.1549,0.465,87.65,no (≈0),si,0.0368,0.273
154,15,0,e15·s0,0.1528,0.459,87.8,no (≈0),si,0.1488,0.1569
155,24,0,e24·s0,0.1522,0.457,87.95,no (≈0),si,0.0261,0.2783
156,12,8,e12·s8,0.1495,0.448,88.1,no (≈0),si,0.1746,0.1243
157,12,6,e12·s6,0.1485,0.446,88.25,no (≈0),si,0.0177,0.2793
158,0,4,e0·s4,0.1481,0.444,88.4,no (≈0),si,0.0625,0.2337
159,27,4,e27·s4,0.1479,0.444,88.55,no (≈0),si,0.0883,0.2076
160,10,3,e10·s3,0.1474,0.442,88.7,no (≈0),si,0.1556,0.1393
161,26,5,e26·s5,0.1431,0.429,88.84,no (≈0),si,0.1097,0.1766
162,7,7,e7·s7,0.1413,0.424,88.98,no (≈0),si,0.0221,0.2604
163,1,0,e1·s0,0.1411,0.423,89.12,no (≈0),si,0.221,0.0612
164,20,9,e20·s9,0.1411,0.423,89.26,no (≈0),si,0.0465,0.2357
165,25,8,e25·s8,0.1408,0.423,89.4,no (≈0),si,0.0922,0.1895
166,9,2,e9·s2,0.1404,0.421,89.54,no (≈0),si,0.1372,0.1437
167,0,7,e0·s7,0.1395,0.418,89.68,no (≈0),si,0.0497,0.2293
168,21,3,e21·s3,0.1351,0.405,89.82,no (≈0),si,0.0366,0.2337
169,7,6,e7·s6,0.1337,0.401,89.95,no (≈0),si,0.0255,0.2419
170,25,2,e25·s2,0.1322,0.396,90.08,no (≈0),no,0.1063,0.158
171,27,0,e27·s0,0.1316,0.395,90.22,no (≈0),no,0.0457,0.2176
172,3,5,e3·s5,0.1316,0.395,90.35,no (≈0),no,0.029,0.2343
173,23,9,e23·s9,0.1305,0.392,90.48,no (≈0),no,0.1527,0.1083
174,3,4,e3·s4,0.1298,0.389,90.61,no (≈0),no,0.0639,0.1957
175,12,4,e12·s4,0.1291,0.387,90.74,no (≈0),no,0.0058,0.2524
176,21,9,e21·s9,0.1289,0.387,90.87,no (≈0),no,0.1519,0.1059
177,3,9,e3·s9,0.1287,0.386,90.99,no (≈0),no,0.2052,0.0521
178,4,7,e4·s7,0.1285,0.386,91.12,no (≈0),no,0.0465,0.2106
179,5,7,e5·s7,0.1242,0.373,91.25,no (≈0),no,0.0517,0.1967
180,10,8,e10·s8,0.124,0.372,91.37,no (≈0),no,0.0531,0.195
181,16,8,e16·s8,0.1233,0.37,91.5,no (≈0),no,0.0722,0.1744
182,18,7,e18·s7,0.118,0.354,91.61,no (≈0),no,0.0294,0.2066
183,6,1,e6·s1,0.1179,0.354,91.73,no (≈0),no,0.1272,0.1086
184,2,2,e2·s2,0.117,0.351,91.85,no (≈0),no,0.0196,0.2144
185,21,4,e21·s4,0.1165,0.349,91.96,no (≈0),no,0.1549,0.0781
186,9,9,e9·s9,0.1165,0.349,92.08,no (≈0),no,0.0906,0.1423
187,1,5,e1·s5,0.1158,0.348,92.2,no (≈0),no,0.0363,0.1954
188,11,3,e11·s3,0.1141,0.342,92.31,no (≈0),no,0.0208,0.2074
189,16,5,e16·s5,0.1135,0.341,92.42,no (≈0),no,0.0168,0.2102
190,21,7,e21·s7,0.1131,0.339,92.54,no (≈0),no,0.0211,0.2052
191,7,4,e7·s4,0.1131,0.339,92.65,no (≈0),no,0.0416,0.1845
192,9,4,e9·s4,0.1126,0.338,92.76,no (≈0),no,0.0578,0.1674
193,3,3,e3·s3,0.1119,0.336,92.88,no (≈0),no,0.0768,0.1469
194,13,0,e13·s0,0.1075,0.322,92.98,no (≈0),no,0.0359,0.179
195,24,7,e24·s7,0.1073,0.322,93.09,no (≈0),no,0.097,0.1177
196,25,0,e25·s0,0.1067,0.32,93.2,no (≈0),no,0.0602,0.1532
197,18,8,e18·s8,0.1059,0.318,93.3,no (≈0),no,0.0356,0.1763
198,26,9,e26·s9,0.1056,0.317,93.41,no (≈0),no,0.025,0.1862
199,4,4,e4·s4,0.1055,0.316,93.51,no (≈0),no,0.0217,0.1893
200,4,0,e4·s0,0.1044,0.313,93.62,no (≈0),no,0.0236,0.1852
201,16,0,e16·s0,0.1028,0.308,93.72,no (≈0),no,0.1093,0.0963
202,1,8,e1·s8,0.1024,0.307,93.82,no (≈0),no,0.0306,0.1742
203,6,3,e6·s3,0.1006,0.302,93.92,no (≈0),no,0.0099,0.1914
204,22,1,e22·s1,0.0981,0.294,94.02,no (≈0),no,0.0429,0.1533
205,17,6,e17·s6,0.098,0.294,94.12,no (≈0),no,0.0619,0.1342
206,5,6,e5·s6,0.0961,0.288,94.22,no (≈0),no,0.0259,0.1663
207,17,5,e17·s5,0.0959,0.288,94.31,no (≈0),no,0.1158,0.0761
208,9,7,e9·s7,0.0948,0.285,94.41,no (≈0),no,0.0212,0.1684
209,9,1,e9·s1,0.0942,0.283,94.5,no (≈0),no,0.1006,0.0878
210,2,1,e2·s1,0.0941,0.282,94.6,no (≈0),no,0.0206,0.1675
211,1,3,e1·s3,0.0931,0.279,94.69,no (≈0),no,0.023,0.1631
212,19,1,e19·s1,0.0922,0.277,94.78,no (≈0),no,0.0445,0.1399
213,12,1,e12·s1,0.09,0.27,94.87,no (≈0),no,0.0819,0.0982
214,27,6,e27·s6,0.0898,0.269,94.96,no (≈0),no,0.0628,0.1168
215,14,3,e14·s3,0.0894,0.268,95.05,no (≈0),no,0.1209,0.058
216,10,9,e10·s9,0.0893,0.268,95.14,no (≈0),no,0.02,0.1587
217,17,8,e17·s8,0.0889,0.267,95.23,no (≈0),no,0.131,0.0469
218,8,3,e8·s3,0.0886,0.266,95.32,no (≈0),no,0.0126,0.1646
219,1,4,e1·s4,0.088,0.264,95.4,no (≈0),no,0.0413,0.1346
220,26,3,e26·s3,0.0876,0.263,95.49,no (≈0),no,0.0492,0.1261
221,4,1,e4·s1,0.0855,0.257,95.58,no (≈0),no,0.052,0.119
222,22,7,e22·s7,0.0828,0.248,95.66,no (≈0),no,0.0117,0.1538
223,2,3,e2·s3,0.0823,0.247,95.74,no (≈0),no,0.0156,0.1489
224,5,3,e5·s3,0.0819,0.246,95.82,no (≈0),no,0.0351,0.1287
225,18,4,e18·s4,0.0819,0.246,95.91,no (≈0),no,0.0297,0.134
226,0,8,e0·s8,0.0812,0.244,95.99,no (≈0),no,0.0163,0.1461
227,16,1,e16·s1,0.081,0.243,96.07,no (≈0),no,0.0654,0.0966
228,10,7,e10·s7,0.0786,0.236,96.15,no (≈0),no,0.038,0.1192
229,20,2,e20·s2,0.078,0.234,96.23,no (≈0),no,0.0948,0.0612
230,20,1,e20·s1,0.0776,0.233,96.3,no (≈0),no,0.0078,0.1474
231,15,1,e15·s1,0.0769,0.231,96.38,no (≈0),no,0.0189,0.1349
232,3,8,e3·s8,0.0769,0.231,96.46,no (≈0),no,0.0221,0.1317
233,2,4,e2·s4,0.0759,0.228,96.53,no (≈0),no,0.0171,0.1347
234,17,9,e17·s9,0.0757,0.227,96.61,no (≈0),no,0.0251,0.1264
235,5,4,e5·s4,0.0753,0.226,96.68,no (≈0),no,0.0766,0.074
236,0,9,e0·s9,0.0753,0.226,96.76,no (≈0),no,0.0074,0.1432
237,14,4,e14·s4,0.0749,0.225,96.83,no (≈0),no,0.0436,0.1061
238,22,0,e22·s0,0.0736,0.221,96.91,no (≈0),no,0.0242,0.123
239,16,9,e16·s9,0.0735,0.221,96.98,no (≈0),no,0.0947,0.0524
240,24,2,e24·s2,0.0729,0.219,97.05,no (≈0),no,0.0687,0.0771
241,25,4,e25·s4,0.0712,0.214,97.13,no (≈0),no,0.0175,0.1249
242,16,4,e16·s4,0.0693,0.208,97.19,no (≈0),no,0.0564,0.0821
243,12,0,e12·s0,0.069,0.207,97.26,no (≈0),no,0.0683,0.0697
244,15,6,e15·s6,0.0689,0.207,97.33,no (≈0),no,0.0505,0.0872
245,8,4,e8·s4,0.0688,0.206,97.4,no (≈0),no,0.0526,0.085
246,23,0,e23·s0,0.0676,0.203,97.47,no (≈0),no,0.0388,0.0965
247,29,0,e29·s0,0.0676,0.203,97.54,no (≈0),no,0.019,0.1162
248,25,3,e25·s3,0.067,0.201,97.6,no (≈0),no,0.0174,0.1166
249,23,7,e23·s7,0.0668,0.2,97.67,no (≈0),no,0.042,0.0916
250,9,3,e9·s3,0.0666,0.2,97.74,no (≈0),no,0.0352,0.0981
251,6,7,e6·s7,0.0665,0.2,97.8,no (≈0),no,0.0288,0.1042
252,0,0,e0·s0,0.0655,0.196,97.87,no (≈0),no,0.0254,0.1056
253,19,7,e19·s7,0.064,0.192,97.93,no (≈0),no,0.0118,0.1161
254,20,3,e20·s3,0.0635,0.19,98.0,no (≈0),no,0.0459,0.0811
255,13,8,e13·s8,0.0624,0.187,98.06,no (≈0),no,0.0121,0.1126
256,23,3,e23·s3,0.0623,0.187,98.12,no (≈0),no,0.013,0.1116
257,17,2,e17·s2,0.062,0.186,98.18,no (≈0),no,0.0242,0.0998
258,14,7,e14·s7,0.0614,0.184,98.24,no (≈0),no,0.0342,0.0886
259,14,0,e14·s0,0.0599,0.18,98.3,no (≈0),no,0.074,0.0458
260,3,6,e3·s6,0.0592,0.178,98.36,no (≈0),no,0.0206,0.0978
261,26,7,e26·s7,0.0586,0.176,98.42,no (≈0),no,0.0518,0.0654
262,1,1,e1·s1,0.0581,0.174,98.48,no (≈0),no,0.072,0.0441
263,28,3,e28·s3,0.058,0.174,98.54,no (≈0),no,0.0665,0.0495
264,13,1,e13·s1,0.0572,0.172,98.6,no (≈0),no,0.063,0.0515
265,8,2,e8·s2,0.0563,0.169,98.65,no (≈0),no,0.0349,0.0778
266,24,8,e24·s8,0.0562,0.169,98.71,no (≈0),no,0.017,0.0954
267,20,5,e20·s5,0.0561,0.168,98.76,no (≈0),no,0.0224,0.0899
268,18,6,e18·s6,0.0547,0.164,98.82,no (≈0),no,0.0578,0.0515
269,18,3,e18·s3,0.0542,0.163,98.87,no (≈0),no,0.0329,0.0755
270,22,5,e22·s5,0.0542,0.162,98.93,no (≈0),no,0.0322,0.0761
271,15,4,e15·s4,0.0523,0.157,98.98,no (≈0),no,0.0285,0.0761
272,11,5,e11·s5,0.0516,0.155,99.03,no (≈0),no,0.0167,0.0866
273,20,4,e20·s4,0.0499,0.15,99.08,no (≈0),no,0.0256,0.0741
274,18,1,e18·s1,0.0498,0.149,99.13,no (≈0),no,0.0309,0.0686
275,20,7,e20·s7,0.0494,0.148,99.18,no (≈0),no,0.0525,0.0464
276,11,1,e11·s1,0.0488,0.146,99.23,no (≈0),no,0.0354,0.0622
277,27,8,e27·s8,0.0482,0.145,99.28,no (≈0),no,0.0151,0.0814
278,29,3,e29·s3,0.0457,0.137,99.32,no (≈0),no,0.0583,0.033
279,26,0,e26·s0,0.0455,0.137,99.37,no (≈0),no,0.048,0.0431
280,24,9,e24·s9,0.0431,0.129,99.41,no (≈0),no,0.0418,0.0444
281,20,8,e20·s8,0.0429,0.129,99.45,no (≈0),no,0.0102,0.0755
282,22,8,e22·s8,0.0391,0.117,99.49,no (≈0),no,0.0088,0.0694
283,28,1,e28·s1,0.0391,0.117,99.53,no (≈0),no,0.0035,0.0747
284,4,8,e4·s8,0.0389,0.117,99.57,no (≈0),no,0.0301,0.0477
285,6,4,e6·s4,0.0377,0.113,99.61,no (≈0),no,0.0477,0.0277
286,20,6,e20·s6,0.0374,0.112,99.65,no (≈0),no,0.0185,0.0564
287,17,7,e17·s7,0.0366,0.11,99.68,no (≈0),no,0.0102,0.0631
288,23,6,e23·s6,0.0357,0.107,99.72,no (≈0),no,0.0086,0.0628
289,29,1,e29·s1,0.0339,0.102,99.75,no (≈0),no,0.0299,0.0379
290,8,5,e8·s5,0.0307,0.092,99.78,no (≈0),no,0.0219,0.0396
291,25,6,e25·s6,0.0302,0.091,99.81,no (≈0),no,0.0049,0.0555
292,24,3,e24·s3,0.0272,0.082,99.84,no (≈0),no,0.0053,0.0491
293,11,6,e11·s6,0.0254,0.076,99.87,no (≈0),no,0.0021,0.0487
294,8,6,e8·s6,0.0244,0.073,99.89,no (≈0),no,0.0043,0.0445
295,24,6,e24·s6,0.0239,0.072,99.91,no (≈0),no,0.011,0.0367
296,0,2,e0·s2,0.0229,0.069,99.94,no (≈0),no,0.0106,0.0351
297,6,8,e6·s8,0.0184,0.055,99.96,no (≈0),no,0.0044,0.0324
298,19,8,e19·s8,0.0173,0.052,99.97,no (≈0),no,0.0122,0.0225
299,4,6,e4·s6,0.0157,0.047,99.99,no (≈0),no,0.0077,0.0237
300,1,9,e1·s9,0.0116,0.035,100.0,no (≈0),no,0.0056,0.0175
