rank,experto,slot,id,peso_pct,vs_uniforme,masa_acum_pct,sobre_uniforme,en_top_90pct,pct_TCGA-AC-A8OS,pct_TCGA-AO-A12D,pct_TCGA-E9-A1NE
1,12,2,e12·s2,3.715,11.145,3.72,si,si,3.7876,2.877,4.4804
2,23,2,e23·s2,2.1268,6.38,5.84,si,si,1.8069,0.9675,3.6058
3,25,1,e25·s1,2.0219,6.066,7.86,si,si,1.2408,1.2713,3.5536
4,3,1,e3·s1,1.9434,5.83,9.81,si,si,1.3268,1.8082,2.6953
5,28,8,e28·s8,1.6608,4.982,11.47,si,si,1.19,0.4954,3.297
6,28,5,e28·s5,1.6149,4.845,13.08,si,si,0.4801,0.5166,3.8479
7,25,9,e25·s9,1.5698,4.709,14.65,si,si,1.847,1.4583,1.4041
8,21,4,e21·s4,1.33,3.99,15.98,si,si,1.7203,2.0332,0.2365
9,24,1,e24·s1,1.2017,3.605,17.18,si,si,0.1812,2.64,0.7839
10,11,3,e11·s3,1.184,3.552,18.37,si,si,2.2021,0.9337,0.4163
11,10,2,e10·s2,1.1558,3.467,19.52,si,si,1.6623,1.0476,0.7575
12,1,8,e1·s8,1.0938,3.281,20.62,si,si,0.4175,0.1766,2.6872
13,19,7,e19·s7,1.0814,3.244,21.7,si,si,0.1617,2.8683,0.2142
14,28,7,e28·s7,1.0779,3.234,22.78,si,si,1.8688,1.0673,0.2976
15,5,5,e5·s5,0.9958,2.987,23.77,si,si,2.5053,0.0741,0.4079
16,2,6,e2·s6,0.9956,2.987,24.77,si,si,0.4174,0.4524,2.1168
17,24,9,e24·s9,0.8957,2.687,25.66,si,si,2.4267,0.1457,0.1146
18,0,3,e0·s3,0.8899,2.67,26.55,si,si,1.1662,1.2461,0.2574
19,1,5,e1·s5,0.8831,2.649,27.44,si,si,0.3939,0.7556,1.4997
20,25,0,e25·s0,0.8235,2.471,28.26,si,si,1.4997,0.8182,0.1527
21,13,5,e13·s5,0.7857,2.357,29.05,si,si,1.5451,0.789,0.023
22,24,6,e24·s6,0.7829,2.349,29.83,si,si,0.2139,1.4359,0.6989
23,20,5,e20·s5,0.779,2.337,30.61,si,si,0.2859,0.7483,1.3027
24,18,9,e18·s9,0.763,2.289,31.37,si,si,1.0231,0.8369,0.4291
25,11,4,e11·s4,0.7094,2.128,32.08,si,si,1.8379,0.2159,0.0744
26,0,1,e0·s1,0.7038,2.111,32.78,si,si,1.5464,0.2404,0.3246
27,13,7,e13·s7,0.6943,2.083,33.48,si,si,0.1187,1.4309,0.5333
28,0,6,e0·s6,0.6828,2.048,34.16,si,si,0.3533,1.6145,0.0806
29,1,4,e1·s4,0.6685,2.005,34.83,si,si,1.1722,0.321,0.5122
30,26,9,e26·s9,0.6641,1.992,35.49,si,si,1.1331,0.7243,0.1349
31,17,3,e17·s3,0.6548,1.964,36.15,si,si,1.4722,0.4012,0.0911
32,9,8,e9·s8,0.6395,1.919,36.79,si,si,1.4025,0.1568,0.3593
33,9,5,e9·s5,0.6375,1.913,37.43,si,si,0.6412,0.2341,1.0373
34,5,6,e5·s6,0.6145,1.843,38.04,si,si,0.0876,0.8535,0.9022
35,24,5,e24·s5,0.6107,1.832,38.65,si,si,0.2782,0.4693,1.0847
36,24,7,e24·s7,0.6005,1.802,39.25,si,si,0.0649,1.6145,0.1222
37,17,0,e17·s0,0.5981,1.794,39.85,si,si,0.8577,0.6302,0.3064
38,3,5,e3·s5,0.5739,1.722,40.42,si,si,0.4459,0.1674,1.1085
39,11,7,e11·s7,0.557,1.671,40.98,si,si,0.3547,1.0782,0.2382
40,12,8,e12·s8,0.5441,1.632,41.52,si,si,0.0665,0.3025,1.2633
41,12,3,e12·s3,0.5415,1.625,42.07,si,si,0.348,0.4949,0.7817
42,16,0,e16·s0,0.5393,1.618,42.61,si,si,0.935,0.2093,0.4735
43,28,3,e28·s3,0.5337,1.601,43.14,si,si,0.0559,0.4634,1.0818
44,11,6,e11·s6,0.5324,1.597,43.67,si,si,0.8809,0.4,0.3164
45,19,6,e19·s6,0.5274,1.582,44.2,si,si,0.7893,0.6784,0.1144
46,11,8,e11·s8,0.5156,1.547,44.71,si,si,0.8822,0.215,0.4495
47,3,7,e3·s7,0.5153,1.546,45.23,si,si,0.5522,0.437,0.5567
48,25,7,e25·s7,0.513,1.539,45.74,si,si,0.1592,0.2175,1.1624
49,6,7,e6·s7,0.5084,1.525,46.25,si,si,0.5987,0.2613,0.6652
50,0,4,e0·s4,0.5048,1.514,46.76,si,si,1.1392,0.0986,0.2764
51,14,7,e14·s7,0.5033,1.51,47.26,si,si,0.5302,0.3182,0.6616
52,9,1,e9·s1,0.4967,1.49,47.76,si,si,0.408,0.7337,0.3485
53,21,1,e21·s1,0.4858,1.457,48.24,si,si,0.8083,0.3559,0.2932
54,5,3,e5·s3,0.4798,1.439,48.72,si,si,0.582,0.5204,0.3369
55,4,7,e4·s7,0.4773,1.432,49.2,si,si,0.4871,0.8655,0.0793
56,21,2,e21·s2,0.4751,1.425,49.67,si,si,0.238,0.7997,0.3877
57,24,2,e24·s2,0.4746,1.424,50.15,si,si,0.6482,0.3695,0.4061
58,14,9,e14·s9,0.4746,1.424,50.62,si,si,1.3011,0.0719,0.0506
59,9,0,e9·s0,0.472,1.416,51.1,si,si,0.6687,0.2112,0.5359
60,17,4,e17·s4,0.4693,1.408,51.56,si,si,1.3015,0.0608,0.0456
61,2,0,e2·s0,0.4625,1.387,52.03,si,si,0.176,0.5284,0.6831
62,5,1,e5·s1,0.46,1.38,52.49,si,si,0.3001,0.2643,0.8155
63,10,3,e10·s3,0.4592,1.377,52.95,si,si,0.1978,0.802,0.3777
64,24,3,e24·s3,0.4514,1.354,53.4,si,si,0.3586,0.9114,0.0843
65,9,3,e9·s3,0.4492,1.348,53.85,si,si,0.193,0.9552,0.1994
66,20,8,e20·s8,0.4446,1.334,54.29,si,si,0.1408,0.4277,0.7654
67,25,8,e25·s8,0.4439,1.332,54.74,si,si,0.6324,0.5157,0.1835
68,0,8,e0·s8,0.4416,1.325,55.18,si,si,0.3817,0.6067,0.3364
69,22,3,e22·s3,0.4394,1.318,55.62,si,si,0.4233,0.3554,0.5395
70,12,1,e12·s1,0.4333,1.3,56.05,si,si,0.787,0.3339,0.179
71,24,4,e24·s4,0.4306,1.292,56.48,si,si,0.6825,0.5009,0.1085
72,23,8,e23·s8,0.4263,1.279,56.91,si,si,0.4767,0.5317,0.2706
73,14,3,e14·s3,0.4208,1.262,57.33,si,si,0.8883,0.3175,0.0565
74,22,9,e22·s9,0.4188,1.256,57.75,si,si,0.02,0.7852,0.4514
75,7,5,e7·s5,0.4187,1.256,58.17,si,si,0.1207,0.881,0.2544
76,25,3,e25·s3,0.4145,1.243,58.58,si,si,0.1103,0.2429,0.8902
77,3,3,e3·s3,0.4114,1.234,58.99,si,si,0.4099,0.1143,0.7102
78,15,2,e15·s2,0.4097,1.229,59.4,si,si,0.4974,0.5867,0.1451
79,28,1,e28·s1,0.4053,1.216,59.81,si,si,0.0954,0.7366,0.3838
80,15,0,e15·s0,0.4027,1.208,60.21,si,si,0.4242,0.1505,0.6335
81,18,7,e18·s7,0.4014,1.204,60.61,si,si,0.2088,0.767,0.2284
82,0,7,e0·s7,0.399,1.197,61.01,si,si,0.1911,0.3185,0.6874
83,1,6,e1·s6,0.3975,1.192,61.41,si,si,0.1976,0.1876,0.8073
84,23,5,e23·s5,0.3964,1.189,61.8,si,si,0.3565,0.26,0.5729
85,13,6,e13·s6,0.3929,1.179,62.2,si,si,0.5346,0.4489,0.1951
86,7,7,e7·s7,0.3841,1.152,62.58,si,si,0.297,0.0643,0.791
87,7,9,e7·s9,0.3809,1.143,62.96,si,si,0.1551,0.1435,0.8442
88,1,2,e1·s2,0.3799,1.14,63.34,si,si,0.6934,0.2789,0.1675
89,0,5,e0·s5,0.3793,1.138,63.72,si,si,0.4212,0.3303,0.3864
90,11,2,e11·s2,0.3774,1.132,64.1,si,si,0.4097,0.0915,0.631
91,15,7,e15·s7,0.3772,1.132,64.47,si,si,0.3181,0.248,0.5656
92,8,0,e8·s0,0.3735,1.12,64.85,si,si,0.4364,0.5173,0.1667
93,13,3,e13·s3,0.3666,1.1,65.21,si,si,0.1724,0.8169,0.1107
94,2,4,e2·s4,0.3662,1.099,65.58,si,si,0.095,0.8555,0.1483
95,22,4,e22·s4,0.366,1.098,65.95,si,si,0.4146,0.3074,0.376
96,17,2,e17·s2,0.3608,1.082,66.31,si,si,0.7602,0.1581,0.164
97,6,2,e6·s2,0.3563,1.069,66.66,si,si,0.4975,0.4523,0.1191
98,5,4,e5·s4,0.3562,1.068,67.02,si,si,0.0706,0.8394,0.1584
99,14,1,e14·s1,0.3554,1.066,67.38,si,si,0.4733,0.4067,0.1861
100,21,8,e21·s8,0.3466,1.04,67.72,si,si,0.0622,0.8443,0.1332
101,13,8,e13·s8,0.3448,1.034,68.07,si,si,0.2335,0.6409,0.1599
102,27,4,e27·s4,0.3399,1.02,68.41,si,si,0.0999,0.7447,0.1752
103,1,0,e1·s0,0.336,1.008,68.74,si,si,0.1534,0.1063,0.7484
104,26,0,e26·s0,0.3257,0.977,69.07,no (≈0),si,0.4893,0.1544,0.3335
105,3,6,e3·s6,0.3256,0.977,69.39,no (≈0),si,0.3685,0.3508,0.2575
106,18,5,e18·s5,0.3246,0.974,69.72,no (≈0),si,0.0563,0.7565,0.161
107,8,7,e8·s7,0.3225,0.967,70.04,no (≈0),si,0.5417,0.264,0.1616
108,27,7,e27·s7,0.3216,0.965,70.36,no (≈0),si,0.1155,0.3013,0.5481
109,29,1,e29·s1,0.3141,0.942,70.68,no (≈0),si,0.3159,0.2828,0.3436
110,5,8,e5·s8,0.3112,0.934,70.99,no (≈0),si,0.0972,0.6088,0.2275
111,5,0,e5·s0,0.3078,0.923,71.3,no (≈0),si,0.5645,0.1262,0.2325
112,5,2,e5·s2,0.3057,0.917,71.6,no (≈0),si,0.1431,0.6343,0.1396
113,26,4,e26·s4,0.3039,0.912,71.91,no (≈0),si,0.1905,0.1095,0.6117
114,15,3,e15·s3,0.3033,0.91,72.21,no (≈0),si,0.4893,0.1159,0.3047
115,12,5,e12·s5,0.3024,0.907,72.51,no (≈0),si,0.2156,0.2281,0.4635
116,20,7,e20·s7,0.3012,0.904,72.81,no (≈0),si,0.1252,0.5302,0.2482
117,14,2,e14·s2,0.2986,0.896,73.11,no (≈0),si,0.2732,0.346,0.2767
118,26,1,e26·s1,0.2985,0.895,73.41,no (≈0),si,0.3799,0.3787,0.1369
119,17,6,e17·s6,0.2979,0.894,73.71,no (≈0),si,0.6773,0.1074,0.1091
120,29,2,e29·s2,0.2918,0.875,74.0,no (≈0),si,0.0876,0.3503,0.4376
121,20,2,e20·s2,0.2877,0.863,74.29,no (≈0),si,0.3911,0.1655,0.3065
122,21,6,e21·s6,0.2859,0.858,74.57,no (≈0),si,0.5596,0.1535,0.1448
123,2,9,e2·s9,0.2827,0.848,74.86,no (≈0),si,0.0479,0.0547,0.7454
124,29,3,e29·s3,0.2801,0.84,75.14,no (≈0),si,0.0917,0.1168,0.6317
125,22,7,e22·s7,0.2799,0.84,75.42,no (≈0),si,0.0247,0.7216,0.0935
126,3,0,e3·s0,0.2781,0.834,75.69,no (≈0),si,0.2011,0.283,0.3501
127,2,7,e2·s7,0.2763,0.829,75.97,no (≈0),si,0.0316,0.6538,0.1435
128,25,6,e25·s6,0.276,0.828,76.25,no (≈0),si,0.0824,0.1567,0.589
129,20,1,e20·s1,0.2753,0.826,76.52,no (≈0),si,0.1581,0.5411,0.1267
130,18,8,e18·s8,0.2715,0.814,76.79,no (≈0),si,0.0209,0.6709,0.1226
131,15,1,e15·s1,0.2702,0.811,77.06,no (≈0),si,0.3219,0.1686,0.3202
132,19,3,e19·s3,0.2687,0.806,77.33,no (≈0),si,0.4678,0.2734,0.0649
133,15,5,e15·s5,0.2681,0.804,77.6,no (≈0),si,0.2812,0.1268,0.3965
134,22,5,e22·s5,0.2681,0.804,77.87,no (≈0),si,0.0682,0.6242,0.1119
135,15,6,e15·s6,0.266,0.798,78.13,no (≈0),si,0.2815,0.4305,0.0861
136,1,3,e1·s3,0.2548,0.765,78.39,no (≈0),si,0.6983,0.0153,0.051
137,19,4,e19·s4,0.254,0.762,78.64,no (≈0),si,0.1357,0.3075,0.3189
138,1,9,e1·s9,0.2464,0.739,78.89,no (≈0),si,0.2399,0.2606,0.2387
139,10,9,e10·s9,0.2439,0.732,79.13,no (≈0),si,0.0609,0.3002,0.3706
140,4,5,e4·s5,0.2419,0.726,79.38,no (≈0),si,0.2042,0.3482,0.1734
141,21,9,e21·s9,0.2413,0.724,79.62,no (≈0),si,0.5133,0.0645,0.146
142,19,0,e19·s0,0.2373,0.712,79.85,no (≈0),si,0.1087,0.3444,0.2587
143,27,5,e27·s5,0.2372,0.712,80.09,no (≈0),si,0.1691,0.4831,0.0594
144,17,7,e17·s7,0.2368,0.71,80.33,no (≈0),si,0.2139,0.3375,0.159
145,28,2,e28·s2,0.2355,0.706,80.56,no (≈0),si,0.0382,0.6033,0.065
146,6,5,e6·s5,0.2339,0.702,80.8,no (≈0),si,0.0656,0.1164,0.5196
147,8,8,e8·s8,0.2324,0.697,81.03,no (≈0),si,0.1556,0.202,0.3397
148,13,2,e13·s2,0.2298,0.69,81.26,no (≈0),si,0.0444,0.465,0.1801
149,29,5,e29·s5,0.2294,0.688,81.49,no (≈0),si,0.3815,0.1873,0.1193
150,6,9,e6·s9,0.2286,0.686,81.72,no (≈0),si,0.2178,0.3427,0.1254
151,27,3,e27·s3,0.2275,0.682,81.94,no (≈0),si,0.1652,0.3392,0.1781
152,27,9,e27·s9,0.2269,0.681,82.17,no (≈0),si,0.2089,0.2926,0.1792
153,20,4,e20·s4,0.2218,0.665,82.39,no (≈0),si,0.5272,0.1031,0.0351
154,4,6,e4·s6,0.2213,0.664,82.61,no (≈0),si,0.5861,0.0332,0.0446
155,14,4,e14·s4,0.2188,0.656,82.83,no (≈0),si,0.3291,0.2707,0.0564
156,26,8,e26·s8,0.216,0.648,83.05,no (≈0),si,0.4264,0.0714,0.1503
157,22,8,e22·s8,0.216,0.648,83.27,no (≈0),si,0.1315,0.4398,0.0766
158,21,3,e21·s3,0.215,0.645,83.48,no (≈0),si,0.2392,0.2086,0.1972
159,29,4,e29·s4,0.2131,0.639,83.69,no (≈0),si,0.306,0.1224,0.2109
160,28,0,e28·s0,0.209,0.627,83.9,no (≈0),si,0.0962,0.057,0.4736
161,7,0,e7·s0,0.208,0.624,84.11,no (≈0),si,0.0955,0.4826,0.0459
162,24,8,e24·s8,0.2067,0.62,84.32,no (≈0),si,0.1789,0.1716,0.2696
163,17,9,e17·s9,0.2064,0.619,84.52,no (≈0),si,0.4306,0.0609,0.1277
164,20,9,e20·s9,0.2031,0.609,84.73,no (≈0),si,0.2927,0.1096,0.2069
165,7,2,e7·s2,0.2016,0.605,84.93,no (≈0),si,0.0551,0.4112,0.1385
166,19,8,e19·s8,0.2008,0.602,85.13,no (≈0),si,0.3989,0.0268,0.1766
167,7,4,e7·s4,0.1993,0.598,85.33,no (≈0),si,0.3339,0.1662,0.0978
168,23,6,e23·s6,0.196,0.588,85.52,no (≈0),si,0.0631,0.0804,0.4446
169,27,0,e27·s0,0.1919,0.576,85.72,no (≈0),si,0.1856,0.3347,0.0554
170,22,1,e22·s1,0.1901,0.57,85.91,no (≈0),si,0.0894,0.2307,0.2503
171,15,4,e15·s4,0.1891,0.567,86.1,no (≈0),si,0.0636,0.0967,0.4071
172,3,9,e3·s9,0.188,0.564,86.28,no (≈0),si,0.2646,0.1238,0.1755
173,23,0,e23·s0,0.1877,0.563,86.47,no (≈0),si,0.0331,0.3491,0.181
174,2,2,e2·s2,0.1857,0.557,86.66,no (≈0),si,0.0859,0.3566,0.1146
175,23,9,e23·s9,0.1855,0.556,86.84,no (≈0),si,0.0585,0.0533,0.4447
176,18,4,e18·s4,0.1813,0.544,87.02,no (≈0),si,0.0202,0.1636,0.3601
177,21,0,e21·s0,0.1812,0.544,87.21,no (≈0),si,0.3551,0.0973,0.0913
178,26,6,e26·s6,0.1801,0.54,87.39,no (≈0),si,0.2202,0.1446,0.1755
179,16,8,e16·s8,0.1792,0.538,87.56,no (≈0),si,0.1431,0.3385,0.056
180,16,2,e16·s2,0.1723,0.517,87.74,no (≈0),si,0.1457,0.2873,0.0838
181,9,2,e9·s2,0.1699,0.51,87.91,no (≈0),si,0.0495,0.0588,0.4014
182,11,9,e11·s9,0.1683,0.505,88.07,no (≈0),si,0.2054,0.1075,0.1921
183,6,8,e6·s8,0.1668,0.5,88.24,no (≈0),si,0.2618,0.1364,0.1022
184,23,3,e23·s3,0.1657,0.497,88.41,no (≈0),si,0.0744,0.2074,0.2152
185,2,5,e2·s5,0.1656,0.497,88.57,no (≈0),si,0.022,0.1135,0.3613
186,17,5,e17·s5,0.1645,0.493,88.74,no (≈0),si,0.0927,0.3136,0.0872
187,14,6,e14·s6,0.1611,0.483,88.9,no (≈0),si,0.0345,0.2591,0.1897
188,10,5,e10·s5,0.1607,0.482,89.06,no (≈0),si,0.2141,0.1263,0.1417
189,27,2,e27·s2,0.1585,0.475,89.22,no (≈0),si,0.0585,0.2173,0.1997
190,15,8,e15·s8,0.158,0.474,89.38,no (≈0),si,0.1632,0.2262,0.0845
191,4,0,e4·s0,0.1565,0.469,89.53,no (≈0),si,0.0693,0.2843,0.1159
192,22,2,e22·s2,0.1559,0.468,89.69,no (≈0),si,0.1816,0.2066,0.0794
193,10,0,e10·s0,0.154,0.462,89.84,no (≈0),si,0.1747,0.1664,0.1207
194,27,1,e27·s1,0.1535,0.46,90.0,no (≈0),si,0.0903,0.3168,0.0533
195,19,2,e19·s2,0.1523,0.457,90.15,no (≈0),no,0.1425,0.0864,0.2278
196,13,9,e13·s9,0.1506,0.452,90.3,no (≈0),no,0.0761,0.1597,0.2159
197,19,1,e19·s1,0.1497,0.449,90.45,no (≈0),no,0.1432,0.0509,0.255
198,26,7,e26·s7,0.1481,0.444,90.6,no (≈0),no,0.2534,0.1369,0.0541
199,11,5,e11·s5,0.1473,0.442,90.74,no (≈0),no,0.1006,0.2213,0.1199
200,14,0,e14·s0,0.1465,0.44,90.89,no (≈0),no,0.0989,0.2345,0.1062
201,4,1,e4·s1,0.1464,0.439,91.04,no (≈0),no,0.0276,0.0811,0.3306
202,18,3,e18·s3,0.1451,0.435,91.18,no (≈0),no,0.1084,0.2748,0.0519
203,8,4,e8·s4,0.1445,0.434,91.33,no (≈0),no,0.1707,0.1849,0.078
204,3,4,e3·s4,0.1441,0.432,91.47,no (≈0),no,0.2387,0.1008,0.0927
205,20,3,e20·s3,0.143,0.429,91.61,no (≈0),no,0.1456,0.0487,0.2347
206,10,1,e10·s1,0.1428,0.429,91.76,no (≈0),no,0.166,0.0882,0.1744
207,5,9,e5·s9,0.1424,0.427,91.9,no (≈0),no,0.3349,0.0218,0.0705
208,18,2,e18·s2,0.142,0.426,92.04,no (≈0),no,0.2049,0.1049,0.1162
209,6,3,e6·s3,0.1395,0.418,92.18,no (≈0),no,0.0742,0.1897,0.1545
210,17,1,e17·s1,0.1379,0.414,92.32,no (≈0),no,0.1793,0.0965,0.1379
211,18,6,e18·s6,0.1357,0.407,92.45,no (≈0),no,0.0389,0.2938,0.0743
212,20,0,e20·s0,0.1341,0.402,92.59,no (≈0),no,0.158,0.1189,0.1255
213,27,8,e27·s8,0.1334,0.4,92.72,no (≈0),no,0.0575,0.2771,0.0658
214,17,8,e17·s8,0.1304,0.391,92.85,no (≈0),no,0.1594,0.122,0.1099
215,28,6,e28·s6,0.1303,0.391,92.98,no (≈0),no,0.2169,0.1244,0.0495
216,23,1,e23·s1,0.1294,0.388,93.11,no (≈0),no,0.1326,0.1386,0.117
217,9,6,e9·s6,0.1273,0.382,93.24,no (≈0),no,0.135,0.1978,0.0489
218,12,7,e12·s7,0.1269,0.381,93.37,no (≈0),no,0.0706,0.1683,0.142
219,6,0,e6·s0,0.1269,0.381,93.49,no (≈0),no,0.3493,0.014,0.0173
220,5,7,e5·s7,0.1265,0.379,93.62,no (≈0),no,0.0531,0.0358,0.2905
221,1,7,e1·s7,0.126,0.378,93.74,no (≈0),no,0.1038,0.1016,0.1727
222,26,3,e26·s3,0.1233,0.37,93.87,no (≈0),no,0.0802,0.2388,0.0508
223,4,3,e4·s3,0.1231,0.369,93.99,no (≈0),no,0.0382,0.0497,0.2815
224,18,0,e18·s0,0.1228,0.368,94.11,no (≈0),no,0.3007,0.0336,0.0341
225,16,6,e16·s6,0.1228,0.368,94.24,no (≈0),no,0.1245,0.1124,0.1315
226,10,7,e10·s7,0.1199,0.36,94.36,no (≈0),no,0.1078,0.0798,0.1721
227,12,6,e12·s6,0.1198,0.36,94.48,no (≈0),no,0.0364,0.0707,0.2524
228,7,1,e7·s1,0.1179,0.354,94.59,no (≈0),no,0.1377,0.0475,0.1684
229,6,1,e6·s1,0.117,0.351,94.71,no (≈0),no,0.0783,0.0747,0.1982
230,10,6,e10·s6,0.1128,0.338,94.82,no (≈0),no,0.2402,0.0611,0.0371
231,2,8,e2·s8,0.112,0.336,94.94,no (≈0),no,0.1326,0.066,0.1372
232,7,3,e7·s3,0.1087,0.326,95.04,no (≈0),no,0.0305,0.2138,0.0818
233,26,2,e26·s2,0.1073,0.322,95.15,no (≈0),no,0.0746,0.0629,0.1843
234,9,4,e9·s4,0.1065,0.319,95.26,no (≈0),no,0.1496,0.063,0.1069
235,24,0,e24·s0,0.1062,0.318,95.36,no (≈0),no,0.0834,0.1934,0.0417
236,2,3,e2·s3,0.1032,0.309,95.47,no (≈0),no,0.0373,0.0595,0.2127
237,29,7,e29·s7,0.0998,0.3,95.57,no (≈0),no,0.0948,0.0556,0.1491
238,0,9,e0·s9,0.0997,0.299,95.67,no (≈0),no,0.033,0.0576,0.2086
239,0,2,e0·s2,0.0992,0.298,95.77,no (≈0),no,0.0382,0.1081,0.1514
240,18,1,e18·s1,0.0986,0.296,95.87,no (≈0),no,0.0826,0.0814,0.1317
241,13,1,e13·s1,0.0983,0.295,95.96,no (≈0),no,0.1319,0.0575,0.1054
242,15,9,e15·s9,0.0979,0.294,96.06,no (≈0),no,0.207,0.0264,0.0603
243,21,7,e21·s7,0.0974,0.292,96.16,no (≈0),no,0.1076,0.16,0.0245
244,9,9,e9·s9,0.0972,0.292,96.26,no (≈0),no,0.0263,0.1938,0.0714
245,8,3,e8·s3,0.0961,0.288,96.35,no (≈0),no,0.1037,0.0757,0.109
246,26,5,e26·s5,0.0959,0.288,96.45,no (≈0),no,0.0328,0.0774,0.1775
247,28,9,e28·s9,0.0952,0.286,96.54,no (≈0),no,0.0304,0.1052,0.15
248,19,5,e19·s5,0.0947,0.284,96.64,no (≈0),no,0.0187,0.1789,0.0867
249,16,9,e16·s9,0.0934,0.28,96.73,no (≈0),no,0.0801,0.1283,0.0717
250,25,5,e25·s5,0.0928,0.278,96.82,no (≈0),no,0.0457,0.0697,0.163
251,23,7,e23·s7,0.0917,0.275,96.92,no (≈0),no,0.0981,0.0576,0.1193
252,2,1,e2·s1,0.0914,0.274,97.01,no (≈0),no,0.0316,0.0803,0.1622
253,16,3,e16·s3,0.0891,0.267,97.1,no (≈0),no,0.1685,0.0641,0.0347
254,4,8,e4·s8,0.089,0.267,97.19,no (≈0),no,0.0813,0.058,0.1277
255,4,9,e4·s9,0.0866,0.26,97.27,no (≈0),no,0.07,0.0901,0.0996
256,8,1,e8·s1,0.0844,0.253,97.36,no (≈0),no,0.1119,0.0601,0.0812
257,0,0,e0·s0,0.0843,0.253,97.44,no (≈0),no,0.0423,0.1428,0.0677
258,11,0,e11·s0,0.0839,0.252,97.52,no (≈0),no,0.1337,0.068,0.0501
259,13,4,e13·s4,0.0834,0.25,97.61,no (≈0),no,0.0613,0.1538,0.035
260,29,6,e29·s6,0.0822,0.247,97.69,no (≈0),no,0.0819,0.0554,0.1093
261,4,2,e4·s2,0.0812,0.244,97.77,no (≈0),no,0.0393,0.1189,0.0854
262,22,6,e22·s6,0.0811,0.243,97.85,no (≈0),no,0.0205,0.1961,0.0268
263,3,8,e3·s8,0.0787,0.236,97.93,no (≈0),no,0.0275,0.0489,0.1596
264,6,6,e6·s6,0.0782,0.235,98.01,no (≈0),no,0.0366,0.1156,0.0825
265,10,4,e10·s4,0.0767,0.23,98.09,no (≈0),no,0.0676,0.0808,0.0818
266,8,5,e8·s5,0.0766,0.23,98.16,no (≈0),no,0.0676,0.0276,0.1345
267,20,6,e20·s6,0.0764,0.229,98.24,no (≈0),no,0.0717,0.0927,0.0648
268,29,8,e29·s8,0.0752,0.226,98.31,no (≈0),no,0.0435,0.0278,0.1543
269,10,8,e10·s8,0.0735,0.221,98.39,no (≈0),no,0.0858,0.0575,0.0773
270,14,5,e14·s5,0.0712,0.214,98.46,no (≈0),no,0.0371,0.1232,0.0533
271,7,6,e7·s6,0.0707,0.212,98.53,no (≈0),no,0.1221,0.07,0.0199
272,11,1,e11·s1,0.0696,0.209,98.6,no (≈0),no,0.0284,0.149,0.0313
273,27,6,e27·s6,0.0682,0.205,98.67,no (≈0),no,0.004,0.1468,0.0539
274,25,4,e25·s4,0.0675,0.203,98.73,no (≈0),no,0.1128,0.0352,0.0546
275,4,4,e4·s4,0.0662,0.199,98.8,no (≈0),no,0.0241,0.0846,0.09
276,8,6,e8·s6,0.0653,0.196,98.87,no (≈0),no,0.016,0.1118,0.0681
277,14,8,e14·s8,0.0643,0.193,98.93,no (≈0),no,0.0557,0.0943,0.0429
278,16,5,e16·s5,0.0631,0.189,98.99,no (≈0),no,0.0671,0.0534,0.0687
279,1,1,e1·s1,0.063,0.189,99.06,no (≈0),no,0.0345,0.1025,0.0522
280,7,8,e7·s8,0.0606,0.182,99.12,no (≈0),no,0.0719,0.0816,0.0283
281,3,2,e3·s2,0.0583,0.175,99.18,no (≈0),no,0.1024,0.0191,0.0535
282,9,7,e9·s7,0.0581,0.174,99.23,no (≈0),no,0.0251,0.0614,0.0879
283,22,0,e22·s0,0.0569,0.171,99.29,no (≈0),no,0.0413,0.0444,0.0849
284,25,2,e25·s2,0.0554,0.166,99.35,no (≈0),no,0.0127,0.1179,0.0356
285,29,9,e29·s9,0.0501,0.15,99.4,no (≈0),no,0.0188,0.0614,0.0703
286,12,9,e12·s9,0.05,0.15,99.45,no (≈0),no,0.043,0.0876,0.0194
287,12,4,e12·s4,0.0492,0.148,99.5,no (≈0),no,0.0253,0.0386,0.0837
288,6,4,e6·s4,0.0491,0.147,99.54,no (≈0),no,0.0524,0.0196,0.0752
289,19,9,e19·s9,0.0489,0.147,99.59,no (≈0),no,0.0505,0.0324,0.0637
290,29,0,e29·s0,0.047,0.141,99.64,no (≈0),no,0.049,0.0464,0.0455
291,16,1,e16·s1,0.0456,0.137,99.69,no (≈0),no,0.0288,0.0409,0.0672
292,8,9,e8·s9,0.0444,0.133,99.73,no (≈0),no,0.0449,0.0466,0.0417
293,13,0,e13·s0,0.0412,0.124,99.77,no (≈0),no,0.0541,0.0313,0.0381
294,21,5,e21·s5,0.0395,0.119,99.81,no (≈0),no,0.0282,0.023,0.0674
295,23,4,e23·s4,0.0375,0.113,99.85,no (≈0),no,0.0377,0.0527,0.0221
296,16,4,e16·s4,0.037,0.111,99.89,no (≈0),no,0.0133,0.0562,0.0417
297,28,4,e28·s4,0.0344,0.103,99.92,no (≈0),no,0.0261,0.0229,0.0542
298,8,2,e8·s2,0.0305,0.092,99.95,no (≈0),no,0.0316,0.0321,0.0278
299,16,7,e16·s7,0.0287,0.086,99.98,no (≈0),no,0.0475,0.02,0.0186
300,12,0,e12·s0,0.0207,0.062,100.0,no (≈0),no,0.0142,0.0169,0.0309
